Common Name,Scientific Name,Expansion Version,Color,Power Category,Power Text,Predator,Flocking,Bonus Card,Victory Points,Nest Type,Egg Capacity,Wingspan,Forest,Grassland,Wetland,Invertebrate,Seed,Fish,Fruit,Rodent,Nectar,Wild,/ (food cost),* (food cost),Total food cost,Anatomist,Cartographer,Historian,Photographer,Backyard Birder,Bird Bander,Bird Counter,Bird Feeder,Diet Specialist,Enclosure Builder,Falconer,Fishery Manager,Food Web Expert,Forester,Large Bird Specialist,Nest Box Builder,Omnivore Expert,Passerine Specialist,Platform Builder,Prairie Manager,Rodentologist,Viticulturalist,Wetland Scientist,Wildlife Gardener
,,,,,,,,,,,,,,,,,,,,,,,,,,,,,,42%,31%,15%,44%,29%,31%,13%,18%,9%,24%,35%,31%,16%,35%,31%,19%,15%,22%,26%,31%
,,,,,,,,,,,,,,,,,,,,,,,,,,,,,,43.3%,31.0%,100.0%,45.2%,28.0%,33.3%,100.0%,16.5%,8.4%,23.8%,37.2%,32.6%,16.9%,35.2%,34.1%,19.2%,15.3%,21.1%,26.1%,31.8%
Abbott's Booby,Papasula abbotti,oceania,White,,"Draw 3 bonus cards, then discard 2. You may discard bonus cards you did not draw this turn.",,,X,5,Platform,1,190,,,X,,,2,,,,,,,,,,X,,,,0,,,,0,X,,,X,,,,X,,,,X,
Acorn Woodpecker,Melanerpes formicivorus,originalcore,Brown,Caching Food,Gain 1 [seed] from the birdfeeder (if available). You may cache it on this card.,,,,5,Cavity,4,46,X,,,,3,,,,,,,,3,,,,,,,0,X,X,,0,,,X,,X,,,,,,,,
American Avocet ,Recurvirostra americana,originalcore,Pink,Egg-laying,"When another player takes the ""lay eggs"" action, this bird lays 1 [egg] on another bird with a [ground] nest.",,,,6,Ground,2,79,,,X,2,1,,,,,,,,3,,X,,,,,0,X,X,X,0,,,,X,,,,,,,,X,
American Bittern ,Botaurus lentiginosus,originalcore,Brown,Card-drawing,Player(s) with the fewest [wetland] birds: draw 1 [card].,,,,7,Platform,2,107,,,X,1,,1,,1,,,,,3,,X,,,,,0,,X,,0,X,,,X,,,,X,,X,,X,
American Coot,Fulica americana,originalcore,Brown,Flocking,"Tuck a [card] from your hand behind this bird. If you do, draw 1 [card].",,X,,3,Platform,5,61,,,X,,1,,,,,1,,,2,,X,,,X,,X,X,,,0,,,,,,X,,X,,,,X,
American Crow ,Corvus brachyrhynchos,originalcore,Brown,Food from Supply,Discard 1 [egg] from any of your other birds to gain 1 [wild] from the supply.,,,,4,Platform,2,99,X,X,X,,,,,,,1,,,1,,X,,,,X,0,,,,0,,,,X,,X,,X,,,,,
American Goldfinch ,Spinus tristis,originalcore,White,Food from Supply,Gain 3 [seed] from the supply.,,,,3,Bowl,3,23,,X,,,2,,,,,,,,2,,X,,X,X,,0,X,,,0,,,,,,,X,,X,,,,X
American Kestrel ,Falco sparverius,originalcore,Brown,Hunting/Fishing,"Roll all dice not in birdfeeder. If any are [rodent], gain 1 [rodent] and cache it on this card.",X,,,5,Cavity,3,56,,X,,1,,,,1,,,,,2,,X,,,,,0,,,,X,,,,,X,,,,X,X,,,
American Oystercatcher,Haematopus palliatus,originalcore,White,Card-drawing,"Draw [card] equal to the number of players +1. Starting with you and proceeding clockwise, each player selects 1 of those cards and places it in their hand. You keep the extra card.",,,,5,Ground,2,81,,,X,2,,,,,,,,,2,,X,,,,,0,,,X,0,,X,,X,,,,,,,,X,
American Redstart,Setophaga ruticilla,swiftstart,Brown,,Gain 1 [wild] from the birdfeeder.,,,,4,Bowl,2,20,X,,,1,,,1,,,,,,2,,X,,X,,,0,,,,0,,,X,,,,X,,,,X,,X
American Robin,Turdus migratorius,originalcore,Brown,Flocking,"Tuck a [card] from your hand behind this bird. If you do, draw 1 [card].",,X,,1,Bowl,4,43,X,X,,1,,,1,,,,X,,1,,X,,,X,X,X,,,,0,,,,,,,,,,,X,,X
American White Pelican ,Pelecanus erythrorhynchos,originalcore,Brown,Flocking,Discard a [fish] to tuck 2 [card] from the deck behind this bird.,,X,,5,Ground,1,274,,,X,,,2,,,,,,,2,,X,,X,,,X,,,X,0,X,,,X,,,,,,,,X,
American Woodcock,Scolopax minor,originalcore,,,,,,,9,Ground,2,46,X,X,,2,1,,,,,,,,3,,X,,,,X,0,X,X,X,0,,,,,,,,,,,,,
Anhinga,Anhinga anhinga,originalcore,Brown,Hunting/Fishing,"Roll all dice not in birdfeeder. If any are [fish], gain 1 [fish] and cache it on this card.",X,,,6,Platform,2,114,,,X,,,2,,,,,,,2,,,,,,,0,,,,X,X,,,X,,,,X,,,,X,
Anna's Hummingbird ,Calypte anna,originalcore,Brown,Food from Birdfeeder,"Each player gains 1 [die] from the birdfeeder, starting with the player of your choice.",,,,4,Bowl,2,13,X,X,X,,,,,,,1,,,1,,,X,,,X,0,,,,0,,,,,,X,X,,,,,,X
Ash-Throated Flycatcher ,Myiarchus cinerascens,originalcore,White,Egg-laying,Lay 1 [egg] on each of your birds with a [cavity] nest.,,,,4,Cavity,4,30,,X,,2,,,1,,,,,,3,X,,,X,,,0,,X,,0,,,,,X,,X,,X,,X,,
Atlantic Puffin,Fratercula arctica,originalcore,White,Other,Draw 2 new bonus cards and keep 1.,,,X,8,Wild,1,53,,,X,,,3,,,,,,,3,,X,,,,,0,,X,X,0,X,,,,X,,,X,,,,X,X
Audouin's Gull,Ichthyaetus audouinii,european,Brown,Flocking,Draw 2 [card] from the deck. Tuck 1 behind this bird and keep the other.,,X,,1,Ground,2,132,,,X,,,1,,,,1,,,2,,,X,,X,,X,,,X,0,X,,,X,,X,,,,,,X,
Australasian Pipit,Anthus novaeseelandiae,oceania,Yellow,Flocking,"Tuck 1 [card] from the deck behind each bird in your [grassland], including this one.",,X,,3,Ground,4,31,,X,,1,1,,,,,,,,,,X,,,X,,X,X,,X,0,,,,,,,,,X,,,,
Australasian Shoveler,Spatula rhynchotis,oceania,Brown,Egg-laying,Choose 1 other player. You both draw 1 [card] from the deck.,,,,4,Ground,4,75,,,X,1,1,,,,,,,,,,X,,,,,0,X,,X,0,,,,X,,,,,,,,X,
Australian Ibis,Threskiornis moluccus,oceania,Brown,Card-drawing,"Shuffle the discard pile, then draw 2 [card] from it. Choose 1 and tuck it behind this bird or add it to your hand. Discard the other.",,X,,5,Platform,2,118,,X,X,1,,1,,,,1,,,,,X,,,,X,X,,X,,0,X,,,X,,X,,X,,,,,
Australian Magpie,Gymnorhina tibicen,oceania,Yellow,Food-related,"Discard 1 [egg] from each bird in this row and column that has an [egg] on it, excluding this bird. For each discarded [egg], cache 2 [seed] from the supply on this bird.",,,,4,Platform,2,75,,X,,1,,,,2,,,,,,,X,,,,,0,,X,,0,,,,X,,,,X,X,X,,,
Australian Owlet-Nightjar,Aegotheles cristatus,oceania,Pink,Food-related,"When another player takes the ""gain food"" action, gain 1 [invertebrate] from the birdfeeder, if there is one, at the end of their turn.",,,,2,Cavity,2,28,X,X,X,1,,,,1,,,X,,,,X,,,X,X,0,,,,0,,,,,X,,X,,,X,,,
Australian Raven,Corvus coronoides,oceania,Yellow,Flocking,Cache up to 5 [wild] from your supply on this bird.,,,,7,Platform,3,100,X,X,X,1,,,,1,,1,,,,,X,,,,X,0,,X,,0,,,,X,,X,,X,,X,,,
Australian Reed Warbler,Acrocephalus australis,oceania,White,,Play another bird in your wetland. Pay its normal cost with a 1 [egg] discount.,,,,2,Bowl,3,21,,,X,1,,,,,,,,,,,X,,,X,,0,,,,0,,X,,,,,X,,,,,X,X
Australian Shelduck,Tadorna tadornoides,oceania,Brown,Other,Draw 1 face-up [card] from the tray with a [cavity] or [star] nest. You may reset or refill the tray before doing so.,,,,3,Cavity,4,113,,,X,1,1,,,,,,,,,,X,,,X,,0,X,,,0,,,,X,X,,,,,,,X,
Australian Zebra Finch,Taeniopygia castanotis,oceania,Brown,Other,"If the player to your right has a [seed] in their personal supply, tuck a [card] from the deck behind this bird.",,,,1,Wild,3,22,,X,,,1,,,,,,,,,,X,,,X,,0,X,,X,0,,,,,X,,X,X,X,,,,X
Baird's Sparrow ,Ammodramus bairdii,originalcore,Brown,Egg-laying,Lay 1 [egg] on any bird.,,,,3,Ground,2,23,,X,,1,1,,,,,,,,2,,,X,,X,,0,X,,X,0,,,,,,,X,,X,,,,
Bald Eagle ,Haliaeetus leucocephalus,originalcore,White,Food from Birdfeeder,Gain all [fish] that are in the birdfeeder.,,,,9,Platform,1,203,,,X,,,2,,1,,,,,3,,,,,,,0,,X,,0,X,,,X,,,,X,,X,,X,
Baltimore Oriole ,Icterus galbula,originalcore,Brown,Food from Supply,All players gain 1 [fruit] from the supply.,,,,9,Wild,2,30,X,,,1,,,2,,,,,,3,,X,,,,,0,,X,X,0,,,X,,X,,X,X,,,X,,X
Barn Owl,Tyto alba,originalcore,Brown,Hunting/Fishing,"Roll all dice not in birdfeeder. If any are [rodent], gain 1 [rodent] and cache it on this card.",X,,,5,Cavity,4,107,X,X,X,,,,,2,,,,,2,,,,,,X,0,,,,X,,,,X,X,,,,,X,,,
Barn Swallow,Hirundo rustica,originalcore,Brown,Flocking,"Tuck a [card] from your hand behind this bird. If you do, draw 1 [card].",,X,,1,Wild,3,38,,X,X,1,,,,,,,,,1,,,,,X,X,X,,,X,0,,X,,,X,,,X,,,,,X
Barred Owl,Strix varia,originalcore,Brown,Hunting/Fishing,"Look at a [card] from the deck. If <75cm, tuck it behind this bird. If not, discard it.",X,,,3,Cavity,2,107,X,,,,,,,1,,,,,1,,,,,X,,0,,,,X,,,X,X,X,,,,,X,,,
Barrow's Goldeneye ,Bucephala islandica,originalcore,Pink,Egg-laying,"When another player takes the ""lay eggs"" action, this bird lays 1 [egg] on another bird with a [cavity] nest.",,,,5,Cavity,4,71,,,X,1,1,1,,,,,,,3,X,,X,X,,,0,X,X,,0,X,,,X,X,,,,,,,X,
Bell's Vireo,Vireo bellii,originalcore,White,Other,Draw 2 new bonus cards and keep 1.,,,X,4,Wild,2,18,X,X,,2,,,,,,,,,2,,,X,,,X,0,,,X,0,,X,,,X,,X,X,,,,,X
Belted Kingfisher ,Megaceryle alcyon,originalcore,Pink,Food from Supply,"When another player plays a [wetland] bird, gain 1 [fish] from the supply.",,,,4,Wild,4,53,,,X,,,1,,,,1,,,2,,,,,,,0,,,X,0,X,,,,X,X,,X,,,,X,X
Bewick's Wren,Thryomanes bewickii,originalcore,Brown,Other,"If this bird is to the right of all other birds in its habitat, move it to another habitat.",,,,4,Cavity,3,18,X,X,X,2,1,,,,,,,,3,,,X,,,X,0,X,X,,0,,,,,X,,X,,,,,,
Black Noddy,Anous minutus,oceania,Brown,Other,"Reset the birdfeeder and gain all [fish], if there are any. You may discard any of these [fish] to tuck that many [card] from the deck behind this bird instead.",,X,,9,Platform,1,69,,,X,,,3,,,,,,,,,,,X,,,X,,X,,0,X,,,X,,,,X,,,,X,
Black Redstart,Phoenicurus ochruros,european,Teal,Egg-laying,Choose a habitat with no [egg]. Lay 1 [egg] on each bird in that habitat.,,,,0,Wild,4,24,,X,,1,1,,1,,,,,,3,,,,X,X,,0,X,X,X,0,,,,,X,,X,X,X,,X,,X
Black Skimmer ,Rynchops niger,originalcore,Brown,Hunting/Fishing,"Roll all dice not in birdfeeder. If any are [fish], gain 1 [fish] and cache it on this card.",X,,,6,Ground,2,112,,,X,,,2,,,,,,,2,,,,X,,,0,,,X,X,X,,,X,,,,,,,,X,
Black Swan,Cygnus atratus,oceania,Yellow,Other,"Lay 1 [egg] on each of your birds with a wingspan over 100cm, including this one.",,,,6,Ground,3,180,,,X,,1,,,,,2,,,,,,,X,,,0,X,X,X,0,,,,X,,X,,,,,,X,
Black Tern,Chlidonias niger,originalcore,Brown,Card-drawing,"Draw 1 [card]. If you do, discard 1 [card] from your hand at the end of your turn.",,,,4,Wild,2,61,,,X,1,,1,,,,,X,,1,,,,X,,,0,,,X,0,X,,,,X,,,X,,,,X,X
Black Vulture ,Coragyps atratus,originalcore,Pink,Food from Birdfeeder,"When another player's predator succeeds, gain 1 [die] from the birdfeeder.",,,,2,Cavity,1,150,X,,,,,,,,,,,,0,,,,X,X,,0,,,,0,,,X,X,X,,,,,,,,
Black Woodpecker,Dryocopus martius,european,Brown,Food-related,Gain all [invertebrate] that are in the birdfeeder.,,,,4,Cavity,2,70,X,,,2,,,1,,,,,,3,,,,X,,,0,,X,,0,,,X,X,X,,,,,,X,,
Black-Bellied Whistling Duck,Dendrocygna autumnalis,originalcore,Brown,Flocking,Discard 1 [seed] to tuck 2 [card] from the deck behind this bird.,,X,,2,Cavity,5,76,,,X,,2,,,,,,,,2,X,,,X,X,,X,X,,,0,,,,X,X,,,,,,,X,
Black-Billed Magpie ,Pica hudsonia,originalcore,Pink,Food from Birdfeeder,"When another player's predator succeeds, gain 1 [die] from the birdfeeder.",,,,3,Wild,3,64,,X,,,,,,,,2,,,2,X,,,X,X,,0,,,X,0,,,,,X,X,,X,X,,,,X
Black-Chinned Hummingbird,Archilochus alexandri,swiftstart,Brown,,All players gain a [fruit] from the supply.,,,,4,Bowl,2,8,X,X,X,,,,,,,1,,,1,X,,,X,,X,0,,,,0,,,,,,X,X,,,,,,X
Black-Crowned Night-Heron ,Nycticorax nycticorax,originalcore,Brown,Food from Supply,Discard 1 [egg] from any of your other birds to gain 1 [wild] from the supply.,,,,9,Platform,2,112,,,X,1,,1,,1,,,,,3,X,,,X,,,0,,X,,0,X,,,X,,,,X,,X,,X,
Black-Headed Gull,Chroicocephalus ridibundus,european,Brown,Food-related,Steal 1 [wild] from another player's supply and add it to your own supply. They gain 1 [die] from the birdfeeder.,,,,3,Ground,2,102,,,X,1,,,,,,1,,,2,X,,,X,X,,0,,,X,0,,,,X,,X,,,,,,X,
Black-Necked Stilt ,Himantopus mexicanus,originalcore,White,Card-drawing,Draw 2 [card].,,,,4,Ground,2,74,,,X,2,,,,,,,,,2,X,,,X,,,0,,,X,0,,X,,X,,,,,,,,X,
Black-Shouldered Kite,Elanus axillaris,oceania,Brown,Food-related,"Reset the birdfeeder and gain 1 [rodent], if there is one. You may give it to another player; if you do, lay up to 3 [egg] on this bird.",X,,,2,Platform,3,87,,X,,,,,,2,,,,,,X,,,X,X,,0,,,,X,,,,X,,,,X,X,X,,,
Black-Tailed Godwit,Limosa limosa,european,White,Other,Draw 1 new bonus card. Then draw 3 [card] and keep 1 of them.,,,X,6,Ground,2,76,,,X,2,1,,,,,,,,3,X,,,X,,,0,X,X,X,0,,,,X,,,,,,,,X,
Black-Throated Diver,Gavia arctica,european,Brown,Card-drawing,"Discard all remaining face-up [card] and refill the tray. If you do, draw 1 of the new face-up [card].",,,,5,Ground,1,120,,,X,,,2,,,,,,,2,X,,,X,,,0,,,X,0,X,,,X,,,,,,,,X,
Blue Grosbeak,Passerina caerulea,originalcore,Brown,Other,"If this bird is to the right of all other birds in its habitat, move it to another habitat.",,,,4,Bowl,3,28,X,X,X,1,2,,,,,,,,3,X,,,X,,X,0,X,X,,0,,,,,,,X,,,,,,X
Blue Jay,Cyanocitta cristata,originalcore,Brown,Caching Food,Gain 1 [seed] from the birdfeeder (if available). You may cache it on this card.,,,,3,Bowl,2,41,X,,,,1,,,,,1,,,2,,,,X,X,,0,X,,,0,,,X,,,X,,,,,,,X
Blue-Gray Gnatcatcher ,Polioptila caerulea,originalcore,Brown,Food from Supply,Gain 1 [invertebrate] from the supply.,,,,1,Bowl,3,15,X,,,1,,,,,,,,,1,,,,X,X,,0,,,,0,,X,X,,,,X,,,,,,X
Blue-Winged Warbler,Vermivora cyanoptera,originalcore,,,,,,,8,Bowl,2,20,X,X,,2,,,,,,,,,2,X,,,X,,X,0,,,,0,,X,,,,,X,,,,,,X
Bluethroat,Luscinia svecica,european,Brown,Food-related,Choose a food type. All players gain 1 of that food from the supply.,,,,7,Ground,5,22,,X,X,1,1,,1,,,,,,3,X,,,X,,X,0,X,X,X,0,,,,,,,X,,,,X,,
Blyth's Hornbill,Rhyticeros plicatus,oceania,White,,Discard all [egg] from 1 of your birds with a [cavity] nest. Tuck twice that many [card] from the deck behind this bird.,,X,,7,Cavity,2,150,X,,,,,,3,,,,,,,X,,,,,,X,,X,,0,,,X,X,X,,,,,,X,,
Bobolink,Dolichonyx oryzivorus,originalcore,White,Egg-laying,Lay 1 [egg] on each of your birds with a [ground] nest.,,,,4,Ground,3,30,,X,,1,2,,,,,,,,3,,,,,,,0,X,X,X,0,,,,,,,X,,X,,,,
Bonelli's Eagle,Aquila fasciata,european,White,Hunting and Fishing,"For each [rodent] in this bird's cost, you may pay 1 [card] from your hand instead. If you do, tuck the paid [card] behind this card.",X,,,8,Platform,1,160,X,X,X,,,,,3,,,,X,3,,,X,,,X,0,,X,,X,,,,X,,,,X,,X,,,
Brant,Branta bernicla,swiftstart,White,,Draw the 3 face-up [card] in the bird tray.,,,,3,Ground,2,114,,,X,,1,,,,,1,,,2,,,,,X,,0,X,,X,0,,,,X,,X,,,,,,X,
Brewer's Blackbird ,Euphagus cyanocephalus,originalcore,Brown,Flocking,"Tuck a [card] from your hand behind this bird. If you do, also lay 1 [egg] on this bird.",,X,,3,Bowl,3,41,,X,,,1,,,,,1,,,2,,,X,X,X,,X,X,,,0,,,,,,X,,,X,,,,X
Broad-Winged Hawk,Buteo platypterus,swiftstart,Brown,,"Roll all dice not in birdfeeder. If any are a [rodent], gain 1 [rodent] and cache it on this card.",X,,,4,Platform,2,85,X,,,,,,,1,,,,,1,X,,,,,,0,,,,X,,,X,X,,,,X,,X,,,
Brolga,Antigone rubicunda,oceania,Brown,Other,Choose 1 other player. They lay 1 [egg]; you draw 2 [card].,,,,6,Ground,2,215,,,X,1,1,,,,,1,,,,,,,,,,0,X,X,X,0,,,,X,,X,,,,,,X,
Bronzed Cowbird ,Molothrus aeneus,originalcore,Pink,Egg-laying,"When another player takes the ""lay eggs"" action, this bird lays 1 [egg] on another bird with a [bowl] nest.",,,,5,,0,36,,X,,1,1,,,,,,,,2,,,,X,,,0,X,,,0,,,,,,,,,X,,,,
Brown Falcon,Falco berigora,oceania,Brown,Hunting and Fishing,"Look at a [card] from the deck. If its food cost includes an [invertebrate] or a [rodent], tuck it behind this bird. If not, discard it.",X,,,5,Platform,2,102,X,X,X,1,,,,1,,,,,,,,,X,,X,0,,,,X,,,,X,,,,X,,X,,,
Brown Pelican,Pelecanus occidentalis,originalcore,White,Food from Supply,Gain 3 [fish] from the supply.,,,,4,Platform,2,201,,,X,,,2,,,,,,,2,,,,X,,,0,,,,0,X,,,X,,,,X,,,,X,
Brown-Headed Cowbird ,Molothrus ater,originalcore,Pink,Egg-laying,"When another player takes the ""lay eggs"" action, this bird lays 1 [egg] on another bird with a [bowl] nest.",,,,3,,0,30,,X,,,1,,,,,,,,1,X,,,X,X,,0,X,,,0,,,,,,,X,,X,,,,
Budgerigar,Melopsittacus undulatus,oceania,Brown,Card-drawing,Tuck the smallest bird in the tray behind this bird.,,X,,0,Cavity,3,30,X,X,X,,1,,,,,,,,,,,,,X,X,X,X,,,0,,,,,X,,X,,,,,,
Bullfinch,Pyrrhula pyrrhula,european,Brown,Food-related,"Reset the birdfeeder. If you do, gain 1 [seed] or [fruit] from the birdfeeder after resetting.",,,,3,Bowl,4,24,X,,,,1,,1,,,,,,2,,,,,X,,0,X,,,0,,,X,,,,X,,,,X,,X
Burrowing Owl ,Athene cunicularia,originalcore,Brown,Hunting/Fishing,"Roll all dice not in birdfeeder. If any are [rodent], gain 1 [rodent] and cache it on this card.",X,,,5,Wild,4,53,,X,,1,,,,1,,,,,2,,,,,,,0,,,X,X,,,,,X,,,X,X,X,,,X
Bushtit,Psaltriparus minimus,originalcore,Brown,Flocking,"Tuck a [card] from your hand behind this bird. If you do, also lay 1 [egg] on this bird.",,X,,2,Wild,5,15,X,X,X,1,1,,,,,,,,2,,,,,X,X,X,X,,X,0,,,,,X,,X,X,,,,,X
California Condor,Gymnogyps californianus,originalcore,White,Other,Draw 2 new bonus cards and keep 1.,,,X,1,Ground,1,277,X,X,X,,,,,,,,,,0,,X,,,X,X,0,,,X,0,,,,X,,,,,,,,,
California Quail ,Callipepla californica,originalcore,Brown,Egg-laying,Lay 1 [egg] on this bird.,,,,3,Ground,6,36,X,X,,1,2,,,,,,,,3,,X,,,X,X,0,X,X,X,0,,,,,,,,,,,,,
Canada Goose ,Branta canadensis,originalcore,Brown,Flocking,Discard 1 [seed] to tuck 2 [card] from the deck behind this bird.,,X,,3,Ground,3,132,,X,X,,2,,,,,,,,2,,X,,,X,X,X,X,,X,0,,,,X,,,,,,,,,
Canvasback,Aythya valisineria,swiftstart,Brown,,All players draw 1 [card] from the deck.,,,,4,Wild,4,82,,,X,,1,,,,,1,,,2,X,,,,,,0,X,,X,0,,,,X,X,X,,X,,,,X,X
Carolina Chickadee ,Poecile carolinensis,originalcore,Brown,Caching Food,Gain 1 [seed] from the supply and cache it on this card.,,,,2,Cavity,3,20,X,,,1,1,,,,,,X,,1,,X,,,X,,0,X,,,0,,,X,,X,,X,,,,,,
Carolina Wren,Thryothorus ludovicianus,originalcore,White,Card-drawing,Draw 2 [card].,,,,1,Cavity,5,20,X,,,1,,,1,,,,X,,1,,X,,,X,,0,,,,0,,,X,,X,,X,,,,X,,
Carrion Crow,Corvus corone,european,Teal,Food-related,Choose any 1 player (including yourself). Cache 1 [rodent] from the supply on this bird for each [predator] that player has.,,,,3,Platform,2,92,,X,X,1,,,,,,1,,,2,,,,,X,X,0,,,,0,,,,X,,X,,X,,,,,
Cassin's Finch,Haemorhous cassinii,originalcore,White,Other,Draw 2 new bonus cards and keep 1.,,,X,4,Bowl,3,30,X,,,,1,,1,,,,,,2,,,X,,,,0,X,,,0,,,X,,,,X,,,,X,,X
Cassin's Sparrow ,Peucaea cassinii,originalcore,Brown,Egg-laying,Lay 1 [egg] on any bird.,,,,3,Ground,2,20,,X,,1,1,,,,,,,,2,,,X,,X,,0,X,,X,0,,,,,,,X,,X,,,,
Cedar Waxwing,Bombycilla cedrorum,originalcore,Brown,Flocking,"Tuck a [card] from your hand behind this bird. If you do, gain 1 [fruit] from the supply.",,X,,3,Bowl,3,25,X,X,,,,,2,,,,,,2,X,,,,X,X,X,,,,0,,,,,,,X,,,,X,,X
Cerulean Warbler ,Setophaga cerulea,originalcore,White,Other,Draw 2 new bonus cards and keep 1.,,,X,4,Bowl,2,20,X,,,1,1,,,,,,,,2,,,,X,,,0,X,,,0,,,X,,,,X,,,,,,X
Cetti's Warbler,Cettia cetti,european,Teal,Other,"This bird counts double toward the end-of-round goal, if it qualifies for the goal.",,,,4,Bowl,3,17,,,X,1,1,,,,,,,,2,,,X,,,,0,X,,,0,,,,,,,X,,,,,X,X
Chestnut-Collared Longspur ,Calcarius ornatus,originalcore,White,Other,Draw 2 new bonus cards and keep 1.,,,X,5,Ground,4,25,,X,,1,2,,,,,,,,3,X,,,X,,,0,X,X,X,0,,,,,,,X,,X,,,,
Chihuahuan Raven,Corvus cryptoleucus,originalcore,Brown,Food from Supply,Discard 1 [egg] from any of your other birds to gain 2 [wild] from the supply.,,,,4,Platform,3,112,,X,,,,,,1,,2,,,3,,X,,,,,0,,X,,0,,,,X,,X,,X,X,X,,,
Chimney Swift,Chaetura pelagica,originalcore,Brown,Other,"If this bird is to the right of all other birds in its habitat, move it to another habitat.",,,,3,Wild,2,36,X,X,X,2,,,,,,,,,2,,,,,X,X,0,,,X,0,,X,,,X,,,X,,,,,X
Chipping Sparrow ,Spizella passerina,originalcore,Brown,Egg-laying,Lay 1 [egg] on any bird.,,,,1,Bowl,3,23,X,X,,1,1,,,,,,X,,1,,,,,X,X,0,X,,,0,,,,,,,X,,,,,,X
Clark's Grebe ,Aechmophorus clarkii,originalcore,Brown,Card-drawing,"Draw 1 [card]. If you do, discard 1 [card] from your hand at the end of your turn.",,,,5,Wild,2,61,,,X,,,1,,,,,,,1,,,X,,,,0,,,X,0,X,,,,X,,,X,,,,X,X
Clark's Nutcracker ,Nucifraga columbiana,originalcore,Brown,Caching Food,Gain 1 [seed] from the birdfeeder (if available). You may cache it on this card.,,,,5,Platform,2,61,X,,,,2,,,,,1,,,3,,,X,,,,0,X,X,,0,,,X,,,X,,X,,,,,
Coal Tit,Periparus ater,european,Brown,Food-related,"Gain 1 [seed] from the supply and cache it on this card. At any time, you may spend [seed] cached on this card.",,,,2,Cavity,6,16,X,,,1,1,,,,,,,,2,,,,X,X,,0,X,,,0,,,X,,X,,X,,,,,,
Cockatiel,Nymphicus hollandicus,oceania,Brown,Hunting and Fishing,Discard 1 [seed] to choose a [card] from the tray and tuck it behind this bird.,,X,,2,Cavity,5,32,X,X,X,,1,,,,,,,,,,,,,X,X,X,X,,,0,,,,,X,,,,,,,,
Common Blackbird,Turdus merula,european,White,Other,"Place this bird sideways, so that it covers 2 [forest] spaces. Pay the lower egg cost.",,,,4,Bowl,5,36,X,,,1,,,2,,,,,,3,,,,X,,,0,,X,,0,,,X,,,,,,,,X,,X
Common Buzzard,Buteo buteo,european,White,Hunting and fishing,"Instead of paying any costs, you may play this bird on top of another bird on your player mat. Discard any eggs and food from that bird. It becomes a tucked card.",X,,,4,Platform,2,123,X,X,X,,,,,1,,,,X,1,,,,,,X,0,,,,X,,,,X,,,,X,,X,,,
Common Chaffinch,Fringilla coelebs,european,Brown,Flocking,Choose 1-5 birds in this habitat. Tuck 1 [card] from your hand behind each.,,X,,4,Bowl,2,23,X,X,,1,1,,,,,,X,,1,,,,,,X,X,X,,,0,,,,,,,X,,,,,,X
Common Chiffchaff,Phylloscopus collybita,european,Brown,Flocking,Choose 1-5 birds in this habitat. Tuck 1 [card] from your hand behind each.,,X,,3,Ground,3,20,X,,X,1,1,,1,,,,X,,1,,,,,X,X,X,X,,X,0,,,,,,,X,,,,X,,
Common Cuckoo,Cuculus canorus,european,Pink,Egg-laying,"When another player takes the ""lay eggs"" action, this bird lays 1 [egg] on another bird with a [bowl] or [ground] nest.",,,,4,,0,57,X,X,,2,,,,,,,,,2,,,,,,X,0,,,,0,,X,,,,,,,,,,,
Common Goldeneye,Bucephala clangula,european,Teal,Egg-laying,Lay 1 [egg] on this bird for each other bird with a [cavity] nest that you have.,,,,2,Cavity,4,73,X,,X,1,,1,,,,,,,2,X,,,X,X,X,0,,,,0,X,,,X,X,,,,,,,,
Common Grackle ,Quiscalus quiscula,originalcore,Brown,Flocking,"Tuck a [card] from your hand behind this bird. If you do, also lay 1 [egg] on this bird.",,X,,3,Bowl,3,43,X,X,X,,1,,,,,1,,,2,,,,,X,X,X,X,,,0,,,,,,X,,,,,,,X
Common Kingfisher,Alcedo atthis,european,Brown,Food-related,Steal 1 [fish] from another player's supply and cache it on this bird. They gain 1 [die] from the birdfeeder.,,,,4,Wild,5,26,,,X,1,,2,,,,,,,3,,,,,,,0,,X,X,0,X,,,,X,,X,X,,,,X,X
Common Little Bittern,Ixobrychus minutus,european,Brown,Card-drawing,Gain 1 face-up [card] that can live in [grassland].,,,,2,Platform,3,49,,,X,1,,1,,,,,,,2,,,,,X,,0,,,,0,X,,,,,,,X,,,,X,
Common Loon,Gavia immer,originalcore,Brown,Card-drawing,Player(s) with the fewest [wetland] birds: draw 1 [card].,,,,6,Ground,1,117,,,X,,,1,,,,1,,,2,,,,,,,0,,,X,0,X,,,X,,X,,,,,,X,
Common Merganser ,Mergus merganser,originalcore,Brown,Hunting/Fishing,"Roll all dice not in birdfeeder. If any are [fish], gain 1 [fish] and cache it on this card.",X,,,5,Cavity,4,86,,,X,,,1,,,,1,,,2,,,,,,,0,,,,X,X,,,X,X,X,,,,,,X,
Common Moorhen,Gallinula chloropus,european,Brown,Other,"Discard 1 [wild] from your supply. If you do, play another bird in your [wetland]. Pay its normal food and egg cost.",,,,3,Wild,6,53,,,X,1,1,1,,,,,,,3,,X,,,X,,0,X,X,X,0,X,,,,X,,,X,,,,X,X
Common Nighthawk ,Chordeiles minor,originalcore,Brown,Other,"If this bird is to the right of all other birds in its habitat, move it to another habitat.",,,,3,Ground,2,56,X,X,X,2,,,,,,,,,2,,,,,X,X,0,,,X,0,,X,,,,,,,,,,,
Common Nightingale,Luscinia megarhynchos,european,Brown,Food-related,Choose a food type. All players gain 1 of that food from the supply.,,,,3,Bowl,4,23,X,X,X,1,1,,1,,,,X,,1,,,,,X,X,0,X,,,0,,,,,,,X,,,,X,,X
Common Raven,Corvus corax,originalcore,Brown,Food from Supply,Discard 1 [egg] from any of your other birds to gain 2 [wild] from the supply.,,,,5,Platform,2,135,X,X,X,,,,,1,,2,,,3,,,,,,X,0,,X,,0,,,,X,,X,,X,,X,,,
Common Starling,Sturnus vulgaris,european,Teal,Flocking,"Discard up to 5 [wild] from your supply. For each, tuck 1 [card] from the deck behind this bird.",,X,,3,Cavity,4,38,,X,X,1,1,,1,,,,X,,1,,,,,X,X,X,X,,,0,,,,,X,,,,,,X,,
Common Swift,Apus apus,european,Teal,Flocking,"Discard up to 5 [invertebrate] from your supply. For each, tuck 1 [card] from the deck behind this bird.",,X,,5,Cavity,2,46,,X,,1,,,,,,,,,1,,,,,,,X,,,,0,,X,,,X,,,,X,,,,
Common Yellowthroat ,Geothlypis trichas,originalcore,Brown,Card-drawing,"Draw 2 [card]. If you do, discard 1 [card] from your hand at the end of your turn.",,,,1,Bowl,4,18,,,X,1,,,,,,,,,1,X,,,X,X,,0,,,,0,,X,,,,,X,,,,,X,X
Cooper's Hawk ,Accipiter cooperii,originalcore,Brown,Hunting/Fishing,"Look at a [card] from the deck. If <75cm, tuck it behind this bird. If not, discard it.",X,,,3,Platform,2,79,X,,,,,,,1,,,,,1,,,X,,X,,0,,,,X,,,X,X,,,,X,,X,,,
Corsican Nuthatch,Sitta whiteheadi,european,White,Other,Draw 1 new bonus card. Then gain 1 [die] from the birdfeeder.,,,X,4,Cavity,2,21,X,,,,2,,,,,,,,2,,X,,,,,0,X,,,0,,,X,,X,,X,,,,,,
Count Raggi's Bird-of-Paradise,Paradisaea raggiana,oceania,Brown,Egg-laying,Choose 1 other player. You both gain 1 [fruit] from the supply.,,,,7,Bowl,2,22,X,,,1,,,2,,,,,,,,,,,,,0,,X,,0,,,X,,,,X,,,,X,,X
Crested Pigeon,Ocyphaps lophotes,oceania,Yellow,Egg-laying,Cache up to 8 [seed] from your supply on this bird.,,,,3,Platform,4,45,,X,,,1,,,,,,,,,X,,,,X,,0,X,,,0,,,,,,,,X,X,,,,
Crimson Chat,Epthianura tricolor,oceania,Brown,Food-related,Discard 1 [wild] to tuck 1 [card] from the deck behind this bird.,,X,,4,Bowl,2,19,,X,,1,1,,1,,,,X,,,,,,X,,,X,X,,,0,,,,,,,X,,X,,X,,X
Dark-Eyed Junco,Junco hyemalis,originalcore,Brown,Flocking,"Tuck a [card] from your hand behind this bird. If you do, gain 1 [seed] from the supply.",,X,,3,Ground,3,23,X,X,,1,1,,,,,,,,2,X,,,,X,X,X,X,,X,0,,,,,,,X,,,,,,
Dickcissel,Spiza americana,originalcore,Brown,Flocking,"Tuck a [card] from your hand behind this bird. If you do, also lay 1 [egg] on this bird.",,X,,4,Ground,3,25,,X,,1,2,,,,,,,,3,,,,,,,X,X,X,X,0,,,,,,,X,,X,,,,
Double-Crested Cormorant ,Phalacrocorax auritus,originalcore,Brown,Flocking,Discard [fish] to tuck 2 [card] from the deck behind this bird.,,X,,3,Platform,3,132,,,X,,,1,,,,1,,,2,X,,,,X,,X,,,,0,X,,,X,,X,,X,,,,X,
Downy Woodpecker ,Picoides pubescens,originalcore,White,Other,Play a second bird in your [forest]. Pay its normal cost.,,,,3,Cavity,2,30,X,,,1,1,,1,,,,X,,1,,,,,X,,0,X,,,0,,,X,,X,,X,,,,X,,
Dunnock,Prunella modularis,european,Teal,Egg-laying,"Choose 1 other player. For each action cube on their [grassland], lay 1 [egg] on this bird.",,,,1,Bowl,4,20,X,,,1,1,,,,,,,,2,,,,,X,,0,X,,,0,,,X,,,,X,,,,,,X
Eastern Bluebird,Sialia sialis,originalcore,White,Other,Play a second bird in your [grassland]. Pay its normal cost.,,,,4,Cavity,5,33,,X,,1,,,1,,,,,,2,,X,,X,,,0,,,,0,,,,,X,,,,X,,X,,
Eastern Imperial Eagle,Aquila heliaca,european,White,Hunting and Fishing,"For each [rodent] in this bird's cost, you may pay 1 [card] from your hand instead. If you do, tuck the paid [card] behind this card.",X,,,7,Platform,2,200,,X,,,,,,3,,,,X,3,,X,,,,,0,,X,,X,,,,X,,,,X,X,X,,,
Eastern Kingbird,Tyrannus tyrannus,originalcore,Pink,Food from Supply,"When another player plays a [forest] bird, gain 1 [invertebrate] from the supply.",,,,2,Bowl,2,38,X,X,X,1,,,1,,,,X,,1,,X,,,X,X,0,,,,0,,,,,,,,,,,X,,X
Eastern Phoebe ,Sayornis phoebe,originalcore,Brown,Food from Supply,All players gain 1 [invertebrate] from the supply.,,,,3,Wild,4,28,X,X,X,1,,,1,,,,X,,1,,X,,,X,X,0,,,X,0,,,,,X,,X,X,,,X,,X
Eastern Rosella,Platycercus eximius,oceania,Brown,Flocking,All players gain 1 [nectar] from the supply. You also gain 1 [seed] from the supply.,,,,4,Cavity,3,48,X,X,,,1,,,,2,,,,,,X,,X,,X,0,X,X,,0,,,,,X,,,,,,,,
Eastern Screech Owl ,Megascops asio,originalcore,Brown,Hunting/Fishing,"Roll all dice not in birdfeeder. If any are [rodent], gain 1 [rodent] and cache it on this card.",X,,,4,Cavity,2,51,X,,,1,,,,1,,,X,,1,,X,,,,,0,,,,X,,,X,,X,,,,,X,,,
Eastern Whipbird,Psophodes olivaceus,oceania,Brown,Food-related,Choose 1 other player. You both gain 1 [seed] from the supply.,,,,5,Bowl,2,30,X,,,1,1,,,,,,,,,,X,,,,,0,X,,,0,,,X,,,,X,,,,,,X
Eleonora's Falcon,Falco eleonorae,european,Brown,Egg-laying,"Roll all dice not in the birdfeeder. If any are [rodent], place 1 [egg] on this card.",,,,6,Ground,2,95,,,X,1,,,,1,,,,,2,,,X,,,,0,,,X,0,,,,X,,,,,,X,,X,
Emu,Dromaius novaehollandiae,oceania,Brown,Food-related,"Gain all [seed] that are in the birdfeeder. Keep half (rounded up), then choose how to distribute the remainder among the other player(s).",,,,4,Ground,6,*,X,X,X,1,1,,1,,,,,,,,,,,,X,0,X,X,X,0,,,,X,,,,,,,X,,
Eurasian Collared-Dove,Streptopelia decaocto,european,Teal,Flocking,"Discard up to 5 [wild] from your supply. For each, tuck 1 [card] from the deck behind this bird.",,X,,5,Platform,2,52,,X,,,1,,1,,,,,,2,X,X,,,,,X,X,,,0,,,,,,,,X,X,,X,,
Eurasian Golden Oriole,Oriolus oriolus,european,Pink,Food-related,"When another player takes the ""gain food"" action, gain 1 [invertebrate] or [fruit] from the birdfeeder at the end of their turn.",,,,4,Wild,2,46,X,X,,1,,,1,,,1,,,3,,X,,X,,X,0,,X,X,0,,,,,X,X,,X,,,X,,X
Eurasian Green Woodpecker,Picus viridis,european,Teal,Other,"This bird counts double toward the end-of-round goal, if it qualifies for the goal.",,,,4,Cavity,3,48,X,X,,,1,,1,,,,,,2,,X,,X,,X,0,X,,,0,,,,,X,,,,,,X,,
Eurasian Hobby,Falco subbuteo,european,White,Hunting and fishing,"Instead of paying any costs, you may play this bird on top of another bird on your player mat. Discard any eggs and food from that bird. It becomes a tucked card.",X,,,4,Platform,2,75,X,X,X,1,,,,1,,,X,X,1,,X,,,,X,0,,,,X,,,,X,,,,X,,X,,,
Eurasian Jay,Garrulus glandarius,european,Brown,Food-related,Steal 1 [seed] from another player's supply and cache it on this bird. They gain 1 [die] from the birdfeeder.,,,,4,Bowl,3,56,X,,,1,1,,,,,1,,,3,,X,,,,,0,X,X,,0,,,X,,,X,,,,,,,X
Eurasian Magpie,Pica pica,european,Teal,Food-related,"Choose 1 other player. For each action cube in their [grassland], cache 1 [wild] from the supply on any of your birds.",,,,1,Platform,3,56,,X,,1,,,,,,1,,,2,,X,,,X,,0,,,,0,,,,,,X,,X,X,,,,
Eurasian Nutcracker,Nucifraga caryocatactes,european,Brown,Food-related,Choose 1-5 birds in your [forest]. Cache 1 [seed] from your supply on each.,,,,5,Bowl,2,55,X,,,,1,,,,,,,,1,,X,,,,,0,X,,,0,,,X,,,,,,,,,,X
Eurasian Nuthatch,Sitta europaea,european,Brown,Food-related,"Gain 1 [seed] from the supply and cache it on this card. At any time, you may spend [seed] cached on this card.",,,,3,Cavity,3,25,X,,,1,1,,,,,,,,2,,X,,,X,,0,X,,,0,,,X,,X,,X,,,,,,
Eurasian Sparrowhawk,Accipiter nisus,european,White,Hunting and Fishing,"For each [rodent] in this bird's cost, you may pay 1 [card] from your hand instead. If you do, tuck the paid [card] behind this card.",X,,,4,Platform,2,65,X,,,,,,,1,,,,X,1,,X,,,,,0,,,,X,,,X,,,,,X,,X,,,
Eurasian Tree Sparrow,Passer montanus,european,Pink,Food-related,"When another player takes the ""gain food"" action, gain 1 [seed] from the birdfeeder at the end of their turn.",,,,3,Cavity,4,21,X,X,,1,1,,,,,,,,2,,X,,,X,X,0,X,,,0,,,,,X,,X,,,,,,
European Bee-Eater,Merops apiaster,european,Brown,Food-related,"Reset the birdfeeder. If you do, gain 1 [invertebrate] from the birdfeeder after resetting.",,,,3,Cavity,3,38,,X,,2,,,,,,,,,2,,X,,,X,,0,,,,0,,X,,,X,,,,X,,,,
European Goldfinch,Carduelis carduelis,european,Pink,Flocking,"When another player tucks a [card] for any reason, tuck 1 [card] from the deck behind this bird.",,X,,6,Bowl,4,23,X,X,,,2,,1,,,,,,3,,X,,X,,X,X,X,X,,0,,,,,,,X,,,,X,,X
European Honey Buzzard,Pernis apivorus,european,Teal,Food-related,"Reset the birdfeeder. If you do, gain all [invertebrate] in the birdfeeder after resetting.",,,,4,Platform,1,134,X,,,1,,,,,,1,,,2,,X,,,,,0,,,,0,,,X,X,,X,,X,,,,,
European Robin,Erithacus rubecula,european,Brown,Food-related,"From the supply, gain 1 food of a type you already gained this turn.",,,,4,Bowl,4,22,X,,,1,1,,1,,,,,,3,,X,,,,,0,X,X,,0,,,X,,,,X,,,,X,,X
European Roller,Coracias garrulus,european,White,Other,"Place this bird sideways, so that it covers 2 [grassland] spaces. Pay the lower egg cost.",,,,3,Cavity,2,70,,X,,1,,,,1,,,,,2,,X,,,X,,0,,,,0,,,,X,X,,,,X,X,,,
European Turtle Dove,Streptopelia turtur,european,White,Other,"Draw 1 new bonus card. Then gain 1 [die] from the birdfeeder, lay 1 [egg] on any bird, or draw 1 [card].",,,X,4,Platform,1,51,X,X,X,,2,,,,,,,,2,,X,,,,X,0,X,,,0,,,,,,,,X,,,,,
Ferruginous Hawk ,Buteo regalis,originalcore,Brown,Hunting/Fishing,"Roll all dice not in birdfeeder. If any are [rodent], gain 1 [rodent] and cache it on this card.",X,,,6,Platform,2,142,,X,,,,,,2,,,,,2,,,,X,,,0,,,,X,,,,X,,,,X,X,X,,,
Fish Crow,Corvus ossifragus,originalcore,Brown,Food from Supply,Discard 1 [egg] from any of your other birds to gain 1 [wild] from the supply.,,,,6,Platform,2,91,X,X,X,,,1,,,,1,,,2,,,,,,X,0,,,,0,X,,,X,,X,,X,,,,,
Forster's Tern ,Sterna forsteri,originalcore,Brown,Card-drawing,"Draw 1 [card]. If you do, discard 1 [card] from your hand at the end of your turn.",,,,4,Wild,2,79,,,X,1,,1,,,,,X,,1,,,X,,,,0,,,X,0,X,,,X,X,,,X,,,,X,X
Franklin's Gull ,Leucophaeus pipixcan,originalcore,Brown,Card-drawing,Discard 1 [egg] to draw 2 [card].,,,,3,Wild,2,91,,X,X,,,1,,,,1,,,2,,,X,,X,X,0,,,X,0,X,,,X,X,X,,X,,,,,X
Galah,Eolophus roseicapilla,oceania,Brown,Hunting and fishing,"Choose 1 other player. They reset the birdfeeder and gain a [seed], if there is one. You tuck 2 [card] from the deck behind this bird.",,X,,5,Cavity,2,75,X,X,,,3,,,,,,,,,,,,,,X,X,X,X,,0,,,,X,X,,,,,,,,
Goldcrest,Regulus regulus,european,Brown,Other,"Discard 1 [card] from your hand. If you do, play another bird in your [forest]. Pay its normal food and egg cost.",,,,1,Bowl,6,15,X,,,1,,,,,,,,,1,X,,,X,X,,0,,,,0,,X,X,,,,X,,,,,,X
Golden Eagle,Aquila chrysaetos,originalcore,Brown,Hunting/Fishing,"Look at a [card] from the deck. If <100cm, tuck it behind this bird. If not, discard it.",X,,,8,Platform,1,201,,X,X,,,,,3,,,,,3,,,,X,,X,0,,X,,X,,,,X,,,,X,,X,,,
Golden-Headed Cisticola,Cisticola exilis,oceania,White,,Play another bird in your [grassland]. Pay its normal cost with a 1 [egg] discount.,,,,1,Wild,3,15,,X,,1,,,,,,,,,,X,,,X,X,,0,,,X,0,,X,,,X,,X,X,X,,,,X
Gould's Finch,Erythrura gouldiae,oceania,Yellow,Flocking,"Play a bird. Pay its normal food and egg cost. If it has a ""when played"" or ""game end"" power, you may use it.",,,,3,Cavity,3,14,X,X,X,,1,,,,,,,,,,,,,X,X,0,X,,,0,,,,,X,,X,,,,,,
Grasshopper Sparrow ,Ammodramus savannarum,originalcore,Brown,Egg-laying,Lay 1 [egg] on any bird.,,,,2,Ground,2,20,,X,,1,1,,,,,,X,,1,,,,,X,,0,X,,X,0,,,,,,,X,,X,,,,
Gray Catbird,Dumetella carolinensis,originalcore,Brown,Other,Repeat a brown power on one other bird in this habitat.,,,,5,Bowl,3,28,X,X,X,1,,,2,,,,,,3,,,,X,,X,0,,X,,0,,,,,,,X,,,,X,,X
Great Blue Heron,Ardea herodias,originalcore,White,Other,Play a second bird in your [wetland]. Pay its normal cost.,,,,5,Platform,2,183,,,X,1,,1,,,,,,,2,,,,X,,,0,,,,0,X,,,X,,,,X,,,,X,
Great Crested Flycatcher ,Myiarchus crinitus,originalcore,Brown,Food from Birdfeeder,"Gain 1 [invertebrate] from the birdfeeder, if there is one.",,,,5,Cavity,3,33,X,,,1,,,1,,,,,,2,X,,,,,,0,,,,0,,,X,,X,,,,,,X,,
Great Crested Grebe,Podiceps cristatus,european,Brown,Card-drawing,"Draw 1 [card] for each empty card slot in this row. At the end of your turn, keep 1 and discard the rest.",,,,3,Wild,2,65,,,X,,,2,,,,,,,2,X,,,,X,,0,,,X,0,X,,,,X,,,X,,,,X,X
Great Egret,Ardea alba,originalcore,White,Other,Play a second bird in your [wetland]. Pay its normal cost.,,,,7,Platform,3,130,,,X,,,2,,1,,,,,3,,,,,,,0,,X,,0,X,,,X,,,,X,,X,,X,
Great Horned Owl ,Bubo virginianus,originalcore,Brown,Hunting/Fishing,"Look at a [card] from the deck. If <100cm, tuck it behind this bird. If not, discard it.",X,,,8,Platform,2,112,X,,,,,,,3,,,,,3,,,,,,,0,,X,,X,,,X,X,,,,X,,X,,,
Great Tit,Parus major,european,Brown,Food-related,"Reset the birdfeeder. If you do, gain 1 [die] from the birdfeeder after resetting.",,,,4,Cavity,6,24,X,,,1,1,,1,,,,,,3,,,,,,,0,X,X,,0,,,X,,X,,X,,,,X,,
Greater Flamingo,Phoenicopterus roseus,european,Brown,Flocking,"Choose 1 other player. For each action cube on their [wetland], tuck 1 [card] from your hand behind this bird, then draw an equal number of [card].",,X,,3,Ground,1,152,,,X,1,2,,,,,,,,3,,,,,X,,X,X,X,X,0,,,,X,,,,,,,,X,
Greater Prairie Chicken ,Tympanuchus cupido,originalcore,White,Other,Draw 2 new bonus cards and keep 1.,,,X,5,Ground,4,71,,X,,1,2,,,,,,,,3,,X,,,,,0,X,X,X,0,,,,X,,,,,X,,,,
Greater Roadrunner ,Geococcyx californianus,originalcore,Brown,Hunting/Fishing,"Look at a [card] from the deck. If <50cm, tuck it behind this bird. If not, discard it.",X,,,7,Platform,2,56,,X,,1,,,,1,,1,,,3,,,,,,,0,,X,,X,,,,,,X,,X,X,X,,,
Green Heron,Butorides virescens,originalcore,Brown,Food from Supply,Trade 1 [wild] for any other [wild] from the supply.,,,,4,Platform,3,66,,,X,1,,1,,,,,X,,1,,,,X,,,0,,,,0,X,,,X,,,,X,,,,X,
Green Pygmy-Goose,Nettapus pulchellus,oceania,Brown,Food-related,Draw 2 [card] from the deck. Keep 1 and give the other to another player.,,,,4,Cavity,4,54,,,X,,2,,,,,,,,,,,,X,,,0,X,,,0,,,,,X,,,,,,,X,
Grey Butcherbird,Cracticus torquatus,oceania,Brown,Hunting and fishing,"Look at a [card] from the deck. If its wingspan is less than 40cm, tuck it behind this bird and cache 1 [rodent] from the supply on this bird. If not, discard it.",X,,,5,Bowl,2,40,X,X,X,1,,,,1,,1,,,,,,,X,,X,0,,X,,X,,,,,,X,,,,X,,,X
Grey Heron,Ardea cinerea,european,White,Other,"Place this bird sideways, so that it covers 2 [wetland] spaces. Pay the lower egg cost.",,,,3,Platform,2,185,,,X,,,2,,,,,,,2,,,,X,X,,0,,,,0,X,,,X,,,,X,,,,X,
Grey Shrikethrush,Colluricincla harmonica,oceania,Brown,Egg-laying,"Reset the birdfeeder and gain all [rodent], if there are any. You may cache any or all of them on this bird.",X,,,2,Bowl,3,26,X,,,1,,,,,1,,X,,,,,,X,X,,0,,,,X,,X,X,,,,X,,,,,,X
Grey Teal,Anas gracilis,oceania,Brown,Other,"Look at 3 [card] from the deck. Keep 1 [wetland] bird, if there is one. You may add it to your hand or tuck it behind this bird. Discard the other cards.",,X,,2,Ground,5,64,,,X,1,1,,,,,,,,,,,,X,X,,X,X,,X,0,,,,,,,,,,,,X,
Grey Warbler,Gerygone igata,oceania,White,,Play another bird in your [forest]. Pay its normal cost with a 1 [egg] discount.,,,,1,Wild,3,16,X,,,1,1,,1,,,,X,,,,,,X,X,,0,X,,X,0,,,X,,X,,X,X,,,X,,X
Grey-Headed Mannikin,Lonchura caniceps,oceania,Yellow,Hunting and fishing,"Play a bird. Pay its normal food cost, but ignore 1 [egg] in its egg cost. If it has a ""when played"" or ""game end"" power, you may use it.",,,,2,Wild,3,15,,X,,,1,,,,,,,,,X,,,X,X,,0,X,,X,0,,,,,X,,X,X,X,,,,X
Greylag Goose,Anser anser,european,Teal,Other,"This bird counts double toward the end-of-round goal, if it qualifies for the goal.",,,,7,Ground,2,164,,,X,,3,,,,,,,,3,,,,X,,,0,X,X,X,0,,,,X,,,,,,,,X,
Griffon Vulture,Gyps fulvus,european,Teal,Food-related,Choose any 1 player (including yourself). Cache 1 [rodent] from the supply on this bird for each [predator] that player has.,,,,1,Platform,1,252,,X,,,,,,,,,,,0,,,,,X,,0,,,,0,,,,X,,,,X,X,,,,
Hawfinch,Coccothraustes coccothraustes,european,Brown,Food-related,"Reset the birdfeeder. If you do, gain 1 [seed] from the birdfeeder after resetting.",,,,4,Bowl,2,30,X,,,,2,,,,,,,,2,,,,,,,0,X,,,0,,,X,,,,X,,,,,,X
Hermit Thrush,Catharus guttatus,originalcore,Brown,Food from Birdfeeder,Player(s) with fewest [forest] birds gain 1 [die] from birdfeeder.,,,,7,Wild,2,30,X,,,1,,,2,,,,,,3,,,,,,,0,,X,X,0,,,X,,X,,X,X,,,X,,X
Hooded Crow,Corvus cornix,european,Teal,Flocking,"Choose 1 other player. For each action cube on their [grassland], tuck 1 [card] from your hand behind this bird, then draw an equal number of [card].",,X,,3,Platform,2,99,,X,X,1,,,,,,2,,,3,,,,,X,X,X,,X,,0,,,,X,,X,,X,,,,,
Hooded Merganser,Lophodytes cucullatus,originalcore,Brown,Other,Repeat 1 [predator] power in this habitat.,,,,5,Cavity,4,61,,,X,1,,1,,,,,,,2,,,,,,,0,,,,0,X,,,,X,,,,,,,X,
Hooded Warbler,Setophaga citrina,originalcore,,,,,,,7,Bowl,3,18,X,,,2,,,,,,,,,2,,,,,,,0,,,,0,,X,X,,,,X,,,,,,X
Horned Lark,Eremophila alpestris,originalcore,Pink,Flocking,"When another player plays a [grassland] bird, tuck 1 [card] from your hand behind this bird.",,X,,5,Ground,4,30,,X,,1,1,,,,,,,,2,,,,,,,X,X,,X,0,,,,,,,X,,X,,,,
Horsfield's Bronze-Cuckoo,Chrysococcyx basalis,oceania,Pink,Card-drawing,"When another player takes the ""lay eggs"" action, lay 1 [egg] on a bird with a wingspan less than 30cm.",,,,2,,0,29,X,X,X,1,,,,,,,,,,,,,X,X,X,0,,,,0,,X,,,,,X,,,,,,
Horsfield's Bushlark,Mirafra javanica,oceania,Brown,Food-related,"Discard 1 [seed]. If you do, lay up to 2 [egg] on this bird.",,,,2,Ground,2,12,,X,,1,1,,,,,,,,,,,,,X,,0,X,,X,0,,,,,,,X,,X,,,,
House Finch,Haemorhous mexicanus,originalcore,Brown,Flocking,"Tuck a [card] from your hand behind this bird. If you do, draw 1 [card].",,X,,3,Bowl,6,25,X,X,X,,1,,1,,,,,,2,,,,,X,X,X,X,,,0,,,,,,,X,,,,X,,X
House Sparrow,Passer domesticus,european,Teal,Flocking,"Discard up to 5 [seed] from your supply. For each, tuck 1 [card] from the deck behind this bird.",,X,,6,Cavity,5,22,,X,,,1,,1,,,,,,2,,,,,,,X,X,,,0,,,,,X,,X,,X,,X,,
House Wren,Troglodytes aedon,originalcore,White,Other,Play a second bird in your [grassland] or [forest]. Pay its normal cost.,,,,1,Cavity,5,15,X,X,,1,,,,,,,,,1,,,,,X,X,0,,,,0,,X,,,X,,X,,,,,,
Inca Dove,Columbina inca,originalcore,White,Egg-laying,Lay 1 [egg] on each of your birds with a [platform] nest.,,,,2,Platform,4,28,,X,,,2,,,,,,,,2,,X,,,X,,0,X,,,0,,,,,,,X,X,X,,,,
Indigo Bunting ,Passerina cyanea,originalcore,Brown,Food from Birdfeeder,"Gain 1 [invertebrate] or [fruit] from the birdfeeder, if there is one.",,,,5,Bowl,3,20,X,X,,1,1,,1,,,,,,3,,,,X,,X,0,X,X,,0,,,,,,,X,,,,X,,X
Juniper Titmouse ,Baeolophus ridgwayi,originalcore,Brown,Caching Food,Gain 1 [seed] from the supply and cache it on this card.,,,,4,Cavity,3,23,X,,,1,1,,,,,,,,2,,,,,,,0,X,,,0,,,X,,X,,X,,,,,,
Kākāpо̄,Strigops habroptila,oceania,Yellow,Other,"Draw 4 bonus cards, keep 1, and discard the other 3.",,,X,4,Ground,2,*,X,,,,1,,1,,,,,,,,,,,,,0,X,,X,0,,,X,X,,,,,,,X,,
Kea,Nestor notabilis,oceania,White,,Draw 1 bonus card. You may discard any number of [wild] to draw that many additional bonus cards. Keep 1 of the cards you drew and discard the rest.,,,X,5,Ground,2,90,X,X,,,,,1,,1,,,,,,,,,,X,0,,,X,0,,,,X,,,,,,,X,,
Kelp Gull,Larus dominicanus,oceania,Brown,Food-related,Discard any number of [wild] to draw that many [card].,,,,6,Ground,2,135,,,X,,,1,,,,1,,,,,,,,,,0,,,X,0,X,,,X,,X,,,,,,X,
Kererū,Hemiphaga novaeseelandiae,oceania,Brown,Other,"If the player to your left has a [nectar] in their personal supply, gain 1 [nectar] from the general supply.",,,,3,Platform,2,75,X,,,,,,1,,1,,,,,,,,,X,,0,,,,0,,,X,X,,,,X,,,X,,
Killdeer,Charadrius vociferus,originalcore,Brown,Card-drawing,Discard 1 [egg] to draw 2 [card].,,,,1,Ground,3,46,,X,X,1,1,,,,,,X,,1,,,,,X,X,0,X,,X,0,,,,,,,,,,,,,
King Rail,Rallus elegans,originalcore,White,Other,Draw 2 new bonus cards and keep 1.,,,X,4,Platform,6,51,,,X,1,,1,,,,1,,,3,,,,,,,0,,X,,0,X,,,,,X,,X,,,,X,
Korimako,Anthornis melanura,oceania,Brown,Flocking,Discard any number of [rodent] to gain that many [nectar] from the supply.,,,,4,Bowl,3,22,X,,,1,,,1,,1,,,,,,,,,,,0,,X,,0,,,X,,,,X,,,,X,,X
Laughing Kookaburra,Dacelo novaeguineae,oceania,Brown,Other,"Reset the birdfeeder. If you do, gain 1 [invertebrate], [fish], or [rodent], if there is one.",X,,,1,Cavity,3,60,X,X,X,1,,1,,1,,,X,,,,,,,X,X,0,,,,X,X,,,,X,,,,,X,,,
Lazuli Bunting ,Passerina amoena,originalcore,Brown,Egg-laying,All players lay 1 [egg] on any 1 [bowl] bird. You may lay 1 [egg] on 1 additional [bowl] bird.,,,,4,Bowl,4,23,,X,,1,1,,1,,,,,,3,,,,X,,,0,X,X,,0,,,,,,,X,,X,,X,,X
Lesser Frigatebird,Fregata ariel,oceania,Brown,Flocking,All players may discard 1 [egg] from a [wetland] bird. Each player that discards an [egg] gains 1 [wild] from the supply.,,,,9,Platform,1,175,,,X,1,,2,,,,,,,,,,,,,,0,,X,,0,X,,,X,,,,X,,,,X,
Lesser Whitethroat,Sylvia curruca,european,Teal,Egg-laying,Choose a habitat with no [egg]. Lay 1 [egg] on each bird in that habitat.,,,,0,Bowl,2,18,X,X,,1,,,1,,,,,,2,X,,,X,X,X,0,,,,0,,,,,,,X,,,,X,,X
Lewin's Honeyeater,Meliphaga lewinii,oceania,Brown,Flocking,Choose 1 other player. you both gain 1 [nectar] from the supply.,,,,5,Bowl,2,29,X,,,,,,1,,1,,,,,,,,,,,0,,,,0,,,X,,,,X,,,,X,,X
Lincoln's Sparrow,Melospiza lincolnii,originalcore,Brown,Other,"If this bird is to the right of all other birds in its habitat, move it to another habitat.",,,,3,Ground,2,20,X,X,X,1,1,,,,,,,,2,,,X,,X,X,0,X,,X,0,,,,,,,X,,,,,,
Little Bustard,Tetrax tetrax,european,White,Other,Draw 1 new bonus card. Then gain 1 [card] or lay 1 [egg] on any bird.,,,X,4,Ground,2,110,,X,,1,1,,,,,,,,2,,,,,,,0,X,,X,0,,,,X,,,,,X,,,,
Little Owl,Athene noctua,european,Brown,Food-related,Steal 1 [rodent] from another player's supply and cache it on this bird. They gain 1 [die] from the birdfeeder.,,,,4,Cavity,2,56,X,X,,1,,,,1,,,,,2,,,,,,X,0,,,,0,,,,,X,,,,,X,,,
Little Penguin,Eudyptula minor,oceania,Brown,Other,"Draw and discard 5 [card] from the deck. For each [fish] in their food costs, cache 1 [fish] from the supply on this bird.",X,,,7,Wild,2,*,,,X,,,3,,,,,,,,,,,,,,0,,X,X,X,X,,,X,X,,,X,,,,X,X
Little Pied Cormorant,Microcarbo melanoleucos,oceania,Yellow,Food-related,"Lay 1 [egg] on each of your birds with a [platform] nest, including this one.",,,,4,Platform,2,88,,,X,1,,1,,,,,,,,,,,,,,0,,,,0,X,,,X,,,,X,,,,X,
Loggerhead Shrike,Lanius ludovicianus,originalcore,Pink,Caching Food,"When another player takes the ""gain food"" action, if they gain any number of [rodent], also gain 1 [rodent] from the supply and cache it on this card.",,,,3,Bowl,4,30,,X,X,1,,,,1,,,,,2,X,,,,X,X,0,,,,0,,,,,,,X,,,X,,,X
Long-Tailed Tit,Aegithalos caudatus,european,White,Other,"Place this bird sideways, so that it covers 2 [forest] spaces. Pay the lower egg cost.",,,,0,Wild,4,18,X,,,1,1,,,,,,,,2,X,,,,X,,0,X,,X,0,,,X,,X,,X,X,,,,,X
Magpie-Lark,Grallina cyanoleuca,oceania,Yellow,Food-related,"Discard 2 [egg] from your [forest]. If you do, play 1 bird in your [grassland] at its normal food cost (ignore its egg cost). If it has a ""when played"" or ""game end"" power, you may use it.",,,,5,Bowl,3,57,,X,,1,1,,,,,,X,,,,,,,,,0,X,,,0,,,,,,,,,X,,,,X
Major Mitchell's Cockatoo,Lophochroa leadbeateri,oceania,Brown,Other,"Tuck 1 [card] from your hand behind this bird. If you do, all players gain 1 [seed] from the supply.",,X,,6,Cavity,2,81,X,X,,,2,,,,,,,,,,,,,,X,X,X,,,0,,,,X,X,,,,,,,,
Mallard,Anas platyrhynchos,originalcore,Brown,Card-drawing,Draw 1 [card].,,,,0,Ground,4,89,,,X,1,1,,,,,,X,,1,,,,,X,,0,X,,X,0,,,,X,,,,,,,,X,
Malleefowl,Leipoa ocellata,oceania,Yellow,Food-related,"Lay 1 [egg] on each of your birds with a [ground] nest, including this one.",,,,2,Ground,6,33,X,X,,,1,,,,,1,,,,,X,,,X,X,0,X,,X,0,,,,,,X,,,,,,,
Maned Duck,Chenonetta jubata,oceania,Brown,Card-drawing,"Tuck up to 3 [card] from your hand behind this bird. If you tuck at least 1 [card], gain 1 [seed] from the supply.",,X,,2,Cavity,4,79,,,X,,,,,,,2,,,,,,,,X,,X,,,,0,,,,X,X,X,,,,,,X,
Many-Colored Fruit Dove,Ptilinopus perousii,oceania,Brown,Egg-laying,All players gain 1 [fruit] from the supply. You gain 1 additional [fruit] from the supply.,,,,2,Platform,2,30,X,,,,,,1,,,,,,,,,,,X,,0,,,,0,,,X,,,,X,X,,,X,,
Masked Lapwing,Vanellus miles,oceania,White,,"Reset the birdfeeder, then, for each type of food in the birdfeeder, gain 1 of that type.",,,,1,Ground,3,80,,X,X,1,1,,,,,,X,,,X,,,,X,X,0,X,,X,0,,,,X,,,,,,,,,
Mississippi Kite,Ictinia mississippiensis,originalcore,Brown,Hunting/Fishing,"Roll all dice not in birdfeeder. If any are [rodent], gain 1 [rodent] and cache it on this card.",X,,,4,Platform,1,79,X,X,,1,,,,1,,,X,,1,,X,,,,X,0,,,,X,,,,X,,,,X,,X,,,
Mistletoebird,Dicaeum hirundinaceum,oceania,Brown,Card-drawing,"Gain 1 [fruit] from the supply, or discard 1 [fruit] to gain 1 [nectar] from the supply.",,,,3,Wild,4,18,X,,,,,,2,,1,,,,,,,,,X,,0,,X,X,0,,,X,,X,,X,X,,,X,,X
Moltoni's Warbler,Sylvia subalpina,european,Teal,Other,"If you used all 4 types of actions this round, play another bird. Pay its normal food and egg cost.",,,,3,Bowl,2,17,,X,,1,,,1,,,,,,2,,,X,,X,,0,,,,0,,,,,,,X,,X,,X,,X
Montagu's Harrier,Circus pygargus,european,White,Hunting and fishing,"Instead of paying any costs, you may play this bird on top of another bird on your player mat. Discard any eggs and food from that bird. It becomes a tucked card.",X,,,4,Ground,2,113,,X,,,,,,2,,,,X,2,,,X,,,,0,,,X,X,,,,X,,,,,X,X,,,
Mountain Bluebird ,Sialia currucoides,originalcore,White,Other,Play a second bird in your [grassland]. Pay its normal cost.,,,,4,Cavity,5,36,,X,,1,,,1,,,,,,2,,X,,X,,,0,,,,0,,,,,X,,,,X,,X,,
Mountain Chickadee ,Poecile gambeli,originalcore,Brown,Caching Food,Gain 1 [seed] from the supply and cache it on this card.,,,,2,Cavity,3,23,X,,,1,1,,,,,,X,,1,,X,,,X,,0,X,,,0,,,X,,X,,X,,,,,,
Mourning Dove ,Zenaida macroura,originalcore,Brown,Egg-laying,Lay 1 [egg] on this bird.,,,,0,Platform,5,46,X,X,X,,1,,,,,,,,1,,,,,X,X,0,X,,,0,,,,,,,,X,,,,,
Musk Duck,Biziura lobata,oceania,Brown,Other,Draw 1 face-up [card] from the tray with a [ground] or [star] nest. You may reset or refill the tray before doing so.,,,,2,Ground,2,87,,,X,1,1,1,,,,,X,,,,,,,X,,0,X,,X,0,X,,,X,,,,,,,,X,
Mute Swan,Cygnus olor,european,Brown,Flocking,"Choose 1-3 birds in your [wetland]. Tuck 1 [card] from your hand behind each. If you tuck at least 1 card, draw 1 [card].",,,,4,Ground,3,220,,,X,1,1,,,,,1,,,3,,,,,,,0,X,X,X,0,,,,X,,X,,,,,,X,
New Holland Honeyeater,Phylidonyris novaehollandiae,oceania,Brown,Food-related,"Gain 1 [nectar] from the birdfeeder, if there is one.",,,,0,Bowl,3,20,,X,,,,,,,1,,,,,,X,,,X,,0,,,,0,,,,,,,X,,X,,,,X
Noisy Miner,Manorina melanocephala,oceania,Brown,Food-related,"Tuck 1 [card] from your hand behind this bird. If you do, lay up to 2 [egg] on this bird. All other players may lay 1 [egg].",,X,,3,Bowl,6,41,X,X,,1,,,,,1,1,,,,,,,,X,X,X,,X,,0,,,,,,X,,,,,,,X
North Island Brown Kiwi,Apteryx mantelli,oceania,White,,"Discard a bonus card. If you do, draw 4 bonus cards, keep 2, and discard the other 2.",,,X,6,Wild,1,*,X,X,,2,1,,,,,,,,,,X,,X,,X,0,X,X,X,0,,,,X,X,,,X,,,,,X
Northern Bobwhite,Colinus virginianus,originalcore,Brown,Egg-laying,Lay 1 [egg] on this bird.,,,,5,Ground,6,33,,X,,,3,,,,,,,,3,,X,,X,,,0,X,X,X,0,,,,,,,,,X,,,,
Northern Cardinal ,Cardinalis cardinalis,originalcore,Brown,Food from Supply,Gain 1 [fruit] from the supply.,,,,3,Bowl,5,30,X,,,,1,,1,,,,,,2,,X,,,X,,0,X,,,0,,,X,,,,X,,,,X,,X
Northern Flicker,Colaptes auratus,originalcore,White,Food from Birdfeeder,Gain all [invertebrate] that are in the birdfeeder.,,,,2,Cavity,4,51,X,X,,1,1,,1,,,,X,,1,,X,,,X,X,0,X,,,0,,,,,X,,,,,,X,,
Northern Gannet,Morus bassanus,european,Brown,Hunting and fishing,"Roll all dice not in birdfeeder. If any are a [fish], gain that many [fish] from the supply and cache them on this bird.",X,,,5,Ground,1,173,,,X,,,2,,,,,,,2,,X,,,,,0,,,X,X,X,,,X,,,,,,,,X,
Northern Goshawk,Accipiter gentilis,european,White,Hunting and Fishing,"For each [rodent] in this bird's cost, you may pay 1 [card] from your hand instead. If you do, tuck the paid [card] behind this card.",X,,,5,Platform,2,106,X,,,,,,,2,,,,X,2,,X,,,,,0,,,,X,,,X,X,,,,X,,X,,,
Northern Harrier ,Circus cyaneus,originalcore,Brown,Hunting/Fishing,"Look at a [card] from the deck. If <75cm, tuck it behind this bird. If not, discard it.",X,,,3,Platform,2,109,,X,X,,,,,1,,,,,1,,X,,,X,X,0,,,,X,,,,X,,,,X,,X,,,
Northern Mockingbird ,Mimus polyglottos,originalcore,Brown,Other,Repeat a brown power on one other bird in this habitat.,,,,2,Bowl,4,36,X,X,X,1,,,1,,,,,,2,,X,,,X,X,0,,,,0,,,,,,,,,,,X,,X
Northern Shoveler ,Spatula clypeata,originalcore,Brown,Card-drawing,All players draw 1 [card] from the deck.,,,,7,Ground,4,76,,,X,1,2,,,,,,,,3,,X,,,,,0,X,X,X,0,,,,X,,,,,,,,X,
Orange-Footed Scrubfowl,Megapodius reinwardt,oceania,Yellow,Food-related,"Lay 1 [egg] on each of your birds with a [ground] nest, including this one.",,,,1,Ground,5,43,X,,,,1,,1,,,,X,,,X,X,,X,X,,0,X,,X,0,,,X,,,,,,,,X,,
Osprey,Pandion haliaetus,originalcore,Brown,Food from Supply,All players gain 1 [fish] from the supply.,,,,5,Platform,2,160,,,X,,,1,,,,,,,1,,,,,,,0,,,,0,X,,,X,,,,X,,,,X,
Pacific Black Duck,Anas superciliosa,oceania,Yellow,Card-drawing,"For every 2 [egg] in your [wetland], lay 1 [egg] on this bird.",,,,2,Cavity,6,88,,,X,,1,,,,,1,,,,,X,,X,X,,0,X,,,0,,,,X,X,X,,,,,,X,
Painted Bunting ,Passerina ciris,originalcore,White,Other,Draw 2 new bonus cards and keep 1.,,,X,5,Bowl,4,23,,X,,1,2,,,,,,,,3,,,,,,,0,X,X,,0,,,,,,,X,,X,,,,X
Painted Whitestart,Myioborus pictus,swiftstart,Brown,,Gain 1 [invertebrate] from the supply.,,,,1,Ground,3,22,X,,,1,,,,,,,,,1,,,,X,X,,0,,,X,0,,X,X,,,,X,,,,,,
Parrot Crossbill,Loxia pytyopsittacus,european,Brown,Food-related,"Remove any 1 [die] from the birdfeeder, then gain 1 [seed] from the supply.",,,,6,Bowl,2,30,X,,,,3,,,,,,,,3,X,,,,,,0,X,X,,0,,,X,,,,X,,,,,,X
Peaceful Dove,Geopelia placida,oceania,Brown,Food-related,Discard any number of [seed]. Lay 1 [egg] on this bird for each discarded [seed].,,,,3,Platform,4,25,X,X,,,1,,,,,,,,,,,,,X,X,0,X,,,0,,,,,,,X,X,,,,,
Peregrine Falcon ,Falco peregrinus,originalcore,Brown,Hunting/Fishing,"Look at a [card] from the deck. If <100cm, tuck it behind this bird. If not, discard it.",X,,,5,Platform,2,104,,X,X,,,,,2,,,,,2,,,,,,X,0,,,,X,,,,X,,,,X,,X,,,
Pesquet's Parrot,Psittrichas fulgidus,oceania,Brown,Hunting and fishing,"If the player to your right has a [nectar] in their personal supply, gain 1 [nectar] from the general supply.",,,,3,Cavity,2,30,X,,,,,,1,,1,,,,,,,,,X,,0,,,,0,,,X,,X,,X,,,,X,,
Pheasant Coucal,Centropus phasianinus,oceania,Pink,Other,"When another player takes the ""lay eggs"" action, lay 1 [egg] on this bird.",,,,1,Ground,4,50,,X,,1,,,,1,,,,,,,,,,X,,0,,,X,0,,,,,,,,,X,X,,,
Pied-Billed Grebe ,Podilymbus podiceps,originalcore,Brown,Card-drawing,"Draw 2 [card]. If you do, discard 1 [card] from your hand at the end of your turn.",,,,0,Platform,4,41,,,X,1,,1,,,,,X,,1,X,,,,X,,0,,,,0,X,,,,,,,X,,,,X,
Pileated Woodpecker ,Dryocopus pileatus,originalcore,Brown,Egg-laying,All players lay 1 [egg] on any 1 [cavity] bird. You may lay 1 [egg] on 1 additional [cavity] bird.,,,,4,Cavity,2,74,X,,,1,,,1,,,,,,2,,,,,,,0,,,,0,,,X,X,X,,,,,,X,,
Pine Siskin,Spinus pinus,originalcore,Brown,Flocking,"Tuck a [card] from your hand behind this bird. If you do, gain 1 [seed] from the supply.",,X,,3,Bowl,2,23,X,,,,2,,,,,,,,2,,,,,X,,X,X,,,0,,,X,,,,X,,,,,,X
Pink-Eared Duck,Malacorhynchus membranaceus,oceania,Brown,Other,Draw 2 [card] from the deck. Keep 1 and give the other to another player.,,,,4,Cavity,3,64,,,X,,1,,,,,1,,,,X,,,X,,,0,X,,,0,,,,,X,X,,,,,,X,
Plains-Wanderer,Pedionomus torquatus,oceania,White,,Draw 1 bonus card for each bird in your [grassland]. Keep 1 and discard the rest.,,,X,4,Ground,3,32,,X,,1,1,,,,,,,,,,X,,,,,0,X,,X,0,,,,,,,,,X,,,,
Princess Stephanie's Astrapia,Astrapia stephaniae,oceania,Brown,Other,Choose 1 other player. You both lay 1 [egg].,,,,6,Platform,1,45,X,,,1,,,1,,,,,,,,,,,,,0,,,,0,,,X,,,,,X,,,X,,
Prothonotary Warbler,Protonotaria citrea,originalcore,,,,,,,8,Cavity,4,23,X,,X,2,1,,,,,,,,3,,,,,,X,0,X,X,,0,,,,,X,,X,,,,,,
Pūkeko,Porphyrio melanotus,oceania,Brown,Flocking,Lay 1 [egg] on an adjacent bird.,,,,4,Ground,3,78,,,X,,2,,,,,1,,,,,,,,,,0,X,X,X,0,,,,X,,X,,,,,,X,
Purple Gallinule ,Porphyrio martinicus,originalcore,Brown,Card-drawing,All players draw 1 [card] from the deck.,,,,7,Platform,4,56,,,X,,1,,1,,,1,,,3,,,,X,,,0,X,X,,0,,,,,,X,,X,,,X,X,
Purple Martin,Progne subis,originalcore,Brown,Flocking,"Tuck a [card] from your hand behind this bird. If you do, draw 1 [card].",,X,,2,Cavity,3,46,,X,X,1,,,,,,,,,1,,,,X,X,X,X,,,,0,,X,,,X,,,,,,,,
Pygmy Nuthatch,Sitta pygmaea,originalcore,Brown,Flocking,"Tuck a [card] from your hand behind this bird. If you do, gain 1 [invertebrate] or 1 [seed] from the supply.",,X,,2,Cavity,4,20,X,,,1,1,,,,,,,,2,,,,,X,,X,X,,,0,,,X,,X,,X,,,,,,
Rainbow Lorikeet,Trichoglossus moluccanus,oceania,Brown,Egg-laying,"Discard 1 [nectar] to the ""spent nectar"" space for your [forest]. If you do, gain 2 [die] from the birdfeeder.",,,,1,Cavity,2,46,X,,,,,,1,,1,,,,,,,,,X,,0,,,,0,,,X,,X,,,,,,X,,
Red Crossbill,Loxia curvirostra,originalcore,Brown,Food from Supply,All players gain 1 [seed] from the supply.,,,,6,Bowl,2,28,X,,,,2,,,,,,,,2,X,,,X,,,0,X,,,0,,,X,,,,X,,,,,,X
Red Kite,Milvus milvus,european,White,Hunting and fishing,"Instead of paying any costs, you may play this bird on top of another bird on your player mat. Discard any eggs and food from that bird. It becomes a tucked card.",X,,,4,Platform,2,157,X,X,X,,,,,1,,1,,X,2,,,,X,,X,0,,,,X,,,,X,,X,,X,,X,,,
Red Knot,Calidris canutus,european,White,Other,Draw 1 new bonus card. Then draw 3 [card] and keep 1 of them.,,,X,7,Ground,2,50,,,X,3,,,,,,,,,3,,,,X,,,0,,X,X,0,,X,,,,,,,,,,X,
Red Wattlebird,Anthochaera carunculata,oceania,White,,Gain 1 [nectar] from the supply for each bird with a wingspan less than 49cm in your [forest].,,,,3,Bowl,2,49,X,,,,,,,,2,,,,,X,,,X,X,,0,,,,0,,,X,,,,,,,,,,X
Red-Backed Fairywren,Malurus melanocephalus,oceania,Yellow,Other,"Lay 1 [egg] on each of your birds with a [star] nest, including this one.",,,,4,Wild,3,15,,X,,1,1,,,,,,,,,X,,,X,,,0,X,,X,0,,,,,X,,X,X,X,,,,X
Red-Backed Shrike,Lanius collurio,european,Brown,Food-related,Steal 1 [invertebrate] from another player's supply and cache it on this bird. They gain 1 [die] from the birdfeeder.,,,,5,Bowl,2,33,,X,,1,,,,1,,1,,,3,X,,,X,,,0,,X,,0,,,,,,X,,,X,X,,,X
Red-Bellied Woodpecker ,Melanerpes carolinus,originalcore,Brown,Caching Food,Gain 1 [seed] from the birdfeeder (if available). You may cache it on this card.,,,,1,Cavity,3,41,X,,,1,1,,,,,,X,,1,X,,,X,X,,0,X,,,0,,,X,,X,,,,,,,,
Red-Breasted Merganser,Mergus serrator,swiftstart,Brown,,"Draw 2 [card]. If you do, discard 1 [card] from your hand at the end of your turn.",,,,3,Ground,4,78,,,X,1,,1,,,,,,,2,X,,,X,X,,0,,,X,0,X,,,X,,,,,,,,X,
Red-Breasted Nuthatch ,Sitta canadensis,originalcore,Brown,Caching Food,Gain 1 [seed] from the supply and cache it on this card.,,,,2,Cavity,3,23,X,,,1,1,,,,,,X,,1,X,,,X,X,,0,X,,,0,,,X,,X,,X,,,,,,
Red-Capped Robin,Petroica goodenovii,oceania,Brown,Flocking,"If the player to your left has an [invertebrate] in their personal supply, gain 1 [invertebrate] from the general supply.",,,,2,Bowl,4,17,X,,,1,,,,,,,,,,X,,,X,X,,0,,,,0,,X,X,,,,X,,,,,,X
Red-Cockaded Woodpecker ,Picoides borealis,originalcore,White,Other,Draw 2 new bonus cards and keep 1.,,,X,4,Cavity,2,36,X,,,1,,,1,,,,,,2,,,,X,,,0,,,,0,,,X,,X,,,,,,X,,
Red-Crowned Crane,Grus japonensis,chinesepromo,White,,Draw 3 new bonus cards and keep 1.,,,X,7,Ground,1,235,,,X,1,1,1,,,,,,,3,X,,,X,,,0,X,X,X,0,X,,,X,,,,,,,,X,
Red-Eyed Vireo ,Vireo olivaceus,originalcore,White,Other,Play a second bird in your [forest]. Pay its normal cost.,,,,3,Wild,2,25,X,,,1,,,1,,,,X,,1,X,,,X,X,,0,,,X,0,,,X,,X,,X,X,,,X,,X
Red-Headed Woodpecker ,Melanerpes erythrocephalus,originalcore,Brown,Caching Food,Gain 1 [seed] from the birdfeeder (if available). You may cache it on this card.,,,,4,Cavity,3,43,X,X,X,1,1,,,,,1,,,3,X,,,X,,X,0,X,X,,0,,,,,X,X,,,,,,,
Red-Legged Partridge,Alectoris rufa,european,Brown,Egg-laying,"Lay 1 [egg] on each bird in this column, including this one.",,,,1,Ground,6,48,,X,,,3,,,,,,,,3,X,,,X,X,,0,X,X,X,0,,,,,,,,,X,,,,
Red-Necked Avocet,Recurvirostra novaehollandiae,oceania,Brown,Other,"If the player to your left or right has an [invertebrate] in their personal supply, gain 1 [invertebrate] from the general supply.",,,,4,Ground,2,75,,,X,1,1,,,,,,,,,X,,,X,,,0,X,,X,0,,,,X,,,,,,,,X,
Red-Shouldered Hawk ,Buteo lineatus,originalcore,Brown,Hunting/Fishing,"Look at a [card] from the deck. If <75cm, tuck it under this bird. If not, discard it.",X,,,3,Platform,2,102,X,,,,,,,1,,,,,1,X,,,X,X,,0,,,,X,,,X,X,,,,X,,X,,,
Red-Tailed Hawk ,Buteo jamaicensis,originalcore,Brown,Hunting/Fishing,"Look at a [card] from the deck. If <75cm, tuck it behind this bird. If not, discard it.",X,,,5,Platform,2,124,X,X,X,,,,,2,,,,,2,X,,,X,,X,0,,,,X,,,,X,,,,X,,X,,,
Red-Winged Blackbird ,Agelaius phoeniceus,originalcore,Brown,Flocking,"Tuck a [card] from your hand behind this bird. If you do, also lay 1 [egg] on this bird.",,X,,2,Bowl,3,33,,X,X,,1,,,,,,,,1,X,,,X,X,X,X,X,,,0,,,,,,,,,,,,,X
Red-Winged Parrot,Aprosmictus erythropterus,oceania,Brown,Flocking,"Give 1 [nectar] from your supply to another player. If you do, lay 2 [egg] on this bird or gain 2 [die] from the birdfeeder.",,,,6,Cavity,2,49,X,X,X,,1,,1,,1,,,,,X,,,X,,X,0,X,X,,0,,,,,X,,,,,,X,,
Regent Bowerbird,Sericulus chrysocephalus,oceania,Brown,Hunting and Fishing,Choose 1 other player. you both gain 1 [invertebrate] from the supply.,,,,3,Bowl,2,36,X,X,,1,1,,1,,,,X,,,,,,,X,X,0,X,,,0,,,,,,,,,,,X,,X
Ring-Billed Gull,Larus delawarensis,originalcore,Brown,Flocking,"Tuck a [card] from your hand behind this bird. If you do, draw 1 [card].",,X,,4,Ground,2,122,,,X,,,,,,,2,,,2,X,,,,,,X,,,X,0,,,,X,,X,,,,,,X,
Rose-Breasted Grosbeak ,Pheucticus ludovicianus,originalcore,Brown,Food from Birdfeeder,"Gain 1 [seed] or [fruit] from the birdfeeder, if there is one.",,,,6,Bowl,3,33,X,,,1,1,,1,,,,,,3,X,,,X,,,0,X,X,,0,,,X,,,,,,,,X,,X
Roseate Spoonbill ,Platalea ajaja,originalcore,White,Other,Draw 2 new bonus cards and keep 1.,,,X,6,Platform,2,127,,,X,1,1,1,,,,,,,3,X,,,X,,,0,X,X,,0,X,,,X,,,,X,,,,X,
Royal Spoonbill,Platalea regia,oceania,Brown,Food-related,Draw 1 face-up [card] from the tray with a [platform] or [star] nest. You may reset or refill the tray before doing so.,,,,4,Platform,2,120,,,X,1,,1,,,,,,,,X,,,,,,0,,,,0,X,,,X,,,,X,,,,X,
Ruby-Crowned Kinglet ,Regulus calendula,originalcore,White,Other,Play a second bird in your [forest]. Pay its normal cost.,,,,2,Bowl,3,20,X,,,1,1,,1,,,,X,,1,X,,,X,X,,0,X,,,0,,,X,,,,X,,,,X,,X
Ruby-Throated Hummingbird,Archilochus colubris,originalcore,Brown,Food from Birdfeeder,"Each player gains 1 [die] from the birdfeeder, starting with the player of your choice.",,,,4,Bowl,2,10,X,X,X,,,,,,,1,,,1,X,,,X,,X,0,,,,0,,,,,,X,X,,,,,,X
Ruddy Duck,Oxyura jamaicensis,originalcore,Brown,Card-drawing,"Draw 2 [card]. If you do, discard 1 [card] from your hand at the end of your turn.",,,,0,Platform,5,48,,,X,1,1,,,,,,X,,1,,,,X,X,,0,X,,,0,,,,,,,,X,,,,X,
Ruff,Calidris pugnax,european,Teal,Flocking,Tuck up to 3 [card] from your hand behind this bird. Draw 1 [card] for each card you tucked.,,X,,2,Ground,2,56,,X,X,1,,,,,,1,,,2,,,,,X,X,X,,,X,0,,,,,,X,,,,,,,
Rufous Night-Heron,Nycticorax caledonicus,oceania,Brown,Hunting and fishing,"Look at a [card] from the deck. If it can live in [wetland], tuck it behind this bird. If not, discard it.",X,,,5,Platform,2,106,,,X,1,,1,,,,,,,,,,,X,,,0,,,,X,X,,,X,,,,X,,,,X,
Rufous Owl,Ninox rufa,oceania,Brown,Other,Draw 1 face-up [card] from the tray with a wingspan less than 75cm and tuck it behind this bird.,X,,,7,Cavity,2,115,X,,,,,,,3,,,,,,,,,X,,,0,,X,,X,,,X,X,X,,,,,X,,,
Rufous-Banded Honeyeater,Conopophila albogularis,oceania,Brown,Food-related,"Discard 1 [invertebrate]. If you do, gain 1 [nectar] from the supply.",,,,0,Bowl,4,22,X,,X,1,,,,,1,,X,,,,,,X,X,X,0,,,,0,,X,,,,,X,,,,,,X
Sacred Kingfisher,Todiramphus sanctus,oceania,Pink,Egg-laying,"When another player takes the ""gain food"" action, gain 1 [invertebrate], [fish], or [rodent] from the birdfeeder, if there is one, at the end of their turn.",X,,,0,Cavity,4,30,X,X,X,1,,1,,1,,,X,,,,,,,X,X,0,,,,X,X,,,,X,,X,,,X,,,
Sandhill Crane,Antigone canadensis,originalcore,Brown,Flocking,Discard 1 [seed] to tuck 2 [card] from the deck behind this bird.,,X,,5,Ground,1,196,,X,X,,2,,,,,1,,,3,,X,,,,X,X,X,X,X,0,,,,X,,X,,,,,,,
Savannah Sparrow ,Passerculus sandwichensis,originalcore,White,Other,Play a second bird in your [grassland]. Pay its normal cost.,,,,2,Ground,3,18,,X,,1,1,,,,,,X,,1,,X,,,X,,0,X,,X,0,,,,,,,X,,X,,,,
Savi's Warbler,Locustella luscinioides,european,Brown,Card-drawing,Draw 2 [card]. All other players draw 1 [card] from the deck.,,,,1,Bowl,4,20,,,X,1,,,,,,,,,1,,,X,,X,,0,,,,0,,X,,,,,X,,,,,X,X
Say's Phoebe,Sayornis saya,originalcore,White,Egg-laying,Lay 1 [egg] on each of your birds with a [bowl] nest.,,,,5,Bowl,3,33,,X,,3,,,,,,,,,3,,,X,,,,0,,X,,0,,X,,,,,,,X,,,,X
Scaled Quail,Callipepla squamata,swiftstart,Brown,,Lay 1 [egg] on this bird.,,,,0,Ground,6,36,,X,,,1,,,,,,,,1,,,,,X,,0,X,,X,0,,,,,,,,,X,,,,
Scissor-Tailed Flycatcher ,Tyrannus forficatus,originalcore,Brown,Food from Supply,All players gain 1 [invertebrate] from the supply.,,,,8,Bowl,2,38,,X,,2,,,1,,,,,,3,X,,,,,,0,,X,,0,,,,,,,,,X,,X,,X
Short-Toed Treecreeper,Certhia brachydactyla,european,Brown,Other,"Discard 1 [egg] from any bird. If you do, play another bird in your [forest]. Pay its normal food and egg cost.",,,,2,Cavity,5,20,X,,,1,1,,,,,,,,2,X,,,,X,,0,X,,,0,,,X,,X,,X,,,,,,
Silvereye,Zosterops lateralis,oceania,Brown,Food-related,All players gain 1 [nectar] from the supply.,,,,4,Bowl,4,17,X,X,X,1,,,,,1,,,,,X,,,X,,X,0,,,,0,,X,,,,,X,,,,,,X
Snow Bunting,Plectrophenax nivalis,european,Pink,Tucking,"When another player tucks a [card] for any reason, tuck 1 [card] from your hand behind this bird, then draw 1 [card] at the end of their turn.",,X,,5,Cavity,2,35,,X,X,1,1,,,,,,,,2,,,,,,X,X,X,,,0,,,,,X,,,,,,,,
Snowy Egret ,Egretta thula,originalcore,Brown,Hunting/Fishing,"Roll all dice not in birdfeeder. If any are [fish], gain 1 [fish] and cache it on this card.",X,,,4,Platform,2,104,,,X,1,,1,,,,,X,,1,,,,X,,,0,,,,X,X,,,X,,,,X,,,,X,
Snowy Owl,Bubo scandiacus,european,White,Other,Draw 1 new bonus card. Then gain 1 [card] or lay 1 [egg] on any bird.,,,X,4,Ground,3,138,,X,X,,,,,2,,,,,2,,,,X,,X,0,,,X,0,,,,X,,,,,,X,,,
Song Sparrow ,Melospiza melodia,originalcore,Brown,Other,"If this bird is to the right of all other birds in its habitat, move it to another habitat.",,,,0,Bowl,5,20,X,X,X,1,1,,1,,,,X,,1,,,,,X,X,0,X,,,0,,,,,,,X,,,,X,,X
South Island Robin,Petroica australis,oceania,Brown,Food-related,"If the player to your right has an [invertebrate] in their supply, cache 1 [invertebrate] from the general supply on this bird.",,,,1,Bowl,5,24,X,X,,1,,,,,,,,,,,X,,,X,X,0,,,,0,,X,,,,,X,,,,,,X
Southern Cassowary,Casuarius casuarius,oceania,White,Other,"Discard a bird from your [forest] and put this bird in its place (do not pay an egg cost). If you do, lay 4 [egg] on this bird and gain 2 [fruit] from the supply.",,,,4,Ground,4,*,X,,,,,,2,,,1,,,,,X,,,,,0,,X,X,0,,,X,X,,X,,,,,X,,
Spangled Drongo,Dicrurus bracteatus,oceania,Pink,Egg-laying,"When another player gains [nectar], gain 1 [nectar] from the supply.",,,,1,Bowl,2,27,X,,,1,,,,,1,1,,,,,,,,X,,0,,X,,0,,,X,,,X,X,,,,,,X
Splendid Fairywren,Malurus splendens,oceania,Yellow,Food-related,"Lay 1 [egg] on each of your birds with a wingspan less than 30cm, including this one.",,,,1,Wild,5,15,X,X,,2,,,,,,,,,,,,,,X,X,0,,,X,0,,X,,,X,,X,X,,,,,X
Spotless Crake,Zapornia tabuensis,oceania,Yellow,Hunting and Fishing,"Lay 1 [egg] on each bird in your [wetland], including this one.",,,,1,Ground,3,28,,,X,1,1,,,,,,X,,,,,,,X,,0,X,,X,0,,,,,,,X,,,,,X,
Spotted Owl,Strix occidentalis,originalcore,White,Other,Draw 2 new bonus cards and keep 1.,,,X,5,Cavity,1,102,X,,,,,,,2,,,,,2,,,,,,,0,,,,0,,,X,X,X,,,,,X,,,
Spotted Sandpiper ,Actitis macularius,originalcore,Brown,Card-drawing,All players draw 1 [card] from the deck.,,,,5,Ground,2,38,,,X,1,,,,,,,,,1,,,,,,,0,,,X,0,,X,,,,,,,,,,X,
Spotted Towhee ,Pipilo maculatus,originalcore,Brown,Food from Supply,Gain 1 [seed] from the supply.,,,,0,Ground,4,28,X,X,,1,1,,1,,,,X,,1,,,,,X,X,0,X,,X,0,,,,,,,X,,,,X,,
Sprague's Pipit,Anthus spragueii,originalcore,White,Other,Draw 2 new bonus cards and keep 1.,,,X,3,Ground,3,25,,X,,1,1,,,,,,,,2,,,X,,X,,0,X,,X,0,,,,,,,X,,X,,,,
Squacco Heron,Ardeola ralloides,european,Brown,Card-drawing,Gain 1 face-up [card] that can live in [wetland].,,,,3,Platform,2,86,,,X,1,,1,,,,,,,2,,,,,X,,0,,,,0,X,,,X,,,,X,,,,X,
Steller's Jay,Cyanocitta stelleri,originalcore,Brown,Caching Food,Gain 1 [seed] from the birdfeeder (if available). You may cache it on this card.,,,,5,Bowl,2,48,X,,,,2,,,,,1,,,3,,,X,,,,0,X,X,,0,,,X,,,X,,,,,,,X
Stubble Quail,Coturnix pectoralis,oceania,White,,Discard up to 6 [wild]. Lay 1 [egg] on this bird for each discarded food.,,,,4,Ground,6,29,,X,,1,1,,,,,,X,,,,,,,,,0,X,,X,0,,,,,,,X,,X,,,,
Sulphur-Crested Cockatoo,Cacatua galerita,oceania,Brown,Card-drawing,"Tuck 1 [card] from your hand behind this bird. If you do, all players gain 1 [nectar] from the supply.",,X,,6,Cavity,2,103,X,,,,1,,1,,,,,,,X,,,X,,,X,X,,,0,,,X,X,X,,,,,,X,,
Superb Lyrebird,Menura novaehollandiae,oceania,Brown,Food-related,Copy a brown power on one bird in the [forest] of the player to your right.,,,,5,Wild,1,73,X,,,2,,,,,,1,,,,,,,,,,0,,X,X,0,,,X,X,X,X,,X,,,,,X
Swainson's Hawk,Buteo swainsoni,originalcore,Brown,Hunting/Fishing,"Look at a [card] from the deck. If <75cm, tuck it behind this bird. If not, discard it.",X,,,5,Platform,2,130,,X,,1,,,,1,,,,,2,,,X,,,,0,,,,X,,,,X,,,,X,X,X,,,
Tawny Frogmouth,Podargus strigoides,oceania,Brown,Flocking,Reset the birdfeeder. Cache 1 [invertebrate] or 1 [rodent] from the birdfeeder (if available) on this bird.,X,,,5,Platform,2,82,X,X,X,2,,,,1,,,,,,X,,,X,,X,0,,X,,X,,,,X,,,,X,,X,,,
Thekla's Lark,Galerida theklae,european,Brown,Egg-laying,"Discard 1 [seed] from your supply. If you do, lay 2 [egg] on this bird.",,,,4,Ground,3,34,,X,,2,1,,,,,,,,3,,,X,,,,0,X,X,X,0,,,,,,,,,X,,,,
Tree Swallow ,Tachycineta bicolor,originalcore,Brown,Flocking,"Tuck a [card] from your hand behind this bird. If you do, draw 1 [card].",,X,,3,Cavity,4,38,,,X,1,,,1,,,,,,2,,,,,X,,X,,,,0,,,,,X,,,,,,X,X,
Trumpeter Swan,Cygnus buccinator,originalcore,,,,,,,9,Ground,2,203,,,X,,2,,,,,1,,,3,,,,,,,0,X,X,X,0,,,,X,,X,,,,,,X,
Tufted Titmouse,Baeolophus bicolor,originalcore,White,Other,Play a second bird in your [forest]. Pay its normal cost.,,,,2,Cavity,3,25,X,,,1,1,,1,,,,X,,1,,,,,X,,0,X,,,0,,,X,,X,,X,,,,X,,
Tūī,Prosthemadera novaeseelandiae,oceania,Brown,Food-related,Copy a brown power on one bird in the [forest] of the player to your left.,,,,5,Bowl,2,42,X,,,1,,,,,2,,,,,,,,,,,0,,X,,0,,X,X,,,,,,,,,,X
Turkey Vulture,Cathartes aura,originalcore,Pink,Food from Birdfeeder,"When another player's predator succeeds, gain 1 [die] from the birdfeeder.",,,,1,Cavity,1,170,X,X,X,,,,,,,,,,0,,,,,X,X,0,,,,0,,,,X,X,,,,,,,,
Vaux's Swift,Chaetura vauxi,swiftstart,Brown,,"Tuck a [card] from your hand behind this bird. If you do, gain 1 [invertebrate] from the supply.",,X,,2,Cavity,3,31,X,,,1,,,,,,,,,1,,,X,,X,,X,,,,0,,X,X,,X,,,,,,,,
Violet-Green Swallow ,Tachycineta thalassina,originalcore,Brown,Flocking,"Tuck a [card] from your hand behind this bird. If you do, draw 1 [card].",,X,,3,Cavity,3,36,X,X,X,2,,,,,,,,,2,,,,X,X,X,X,,,,0,,X,,,X,,,,,,,,
Wedge-Tailed Eagle,Aquila audax,oceania,Brown,Food-related,"Look at a [card] from the deck. If its wingspan is over 65cm, tuck it behind this bird and cache 1 [rodent] from the supply on this bird. If not, discard it.",X,,,7,Platform,2,207,X,X,X,,,,,3,,,,,,X,,,,,X,0,,X,,X,,,,X,,,,X,,X,,,
Welcome Swallow,Hirundo neoxena,oceania,White,,"Tuck 1 [card] from the deck behind each bird in this habitat, including this bird.",,X,,1,Wild,5,28,,X,X,2,,,,,,,,,,,,,,X,X,X,,,X,0,,X,,,X,,X,X,,,,,X
Western Meadowlark,Sturnella neglecta,originalcore,Brown,Egg-laying,All players lay 1 [egg] on any 1 [ground] bird. You may lay 1 [egg] on 1 additional [ground] bird.,,,,2,Ground,4,38,,X,,1,1,,,,,,,,2,,X,,,X,,0,X,,X,0,,,,,,,,,X,,,,
Western Tanager,Piranga ludoviciana,originalcore,Brown,Food from Birdfeeder,"Gain 1 [invertebrate] or [fruit] from the birdfeeder, if there is one.",,,,6,Bowl,2,30,X,,,2,,,1,,,,,,3,,X,,,,,0,,X,,0,,,X,,,,X,,,,X,,X
White Stork,Ciconia ciconia,european,Brown,Card-drawing,"Discard all remaining face-up [card] and refill the tray. If you do, draw 1 of the new face-up [card].",,,,8,Platform,2,160,,X,X,1,,1,,,,1,,,3,,,,X,,X,0,,X,,0,X,,,X,,X,,X,,,,,
White Wagtail,Motacilla alba,european,Teal,Other,"If you used all 4 types of actions this round, play another bird. Pay its normal food and egg cost.",,,,2,Bowl,5,28,,X,X,2,,,,,,,,,2,X,,,X,X,X,0,,,,0,,X,,,,,X,,,,,,X
White-Backed Woodpecker,Dendrocopos leucotos,european,Brown,Food-related,Gain 1 [die] from the birdfeeder.,,,,2,Cavity,2,39,X,,,1,,,1,,,,X,,1,X,,,X,X,,0,,,,0,,,X,,X,,,,,,X,,
White-Bellied Sea-Eagle,Haliaeetus leucogaster,oceania,Brown,Card-drawing,"Reset the birdfeeder. Gain 1 [fish] or 1 [rodent] from the birdfeeder, if there is one, and cache it on this bird.",X,,,7,Platform,2,200,X,,X,,,1,,2,,,,,,X,X,,X,,X,0,,X,,X,X,,,X,,,,X,,X,,,
White-Breasted Nuthatch ,Sitta carolinensis,originalcore,Brown,Caching Food,Gain 1 [seed] from the supply and cache it on this card.,,,,2,Cavity,3,28,X,,,1,1,,,,,,X,,1,X,,,X,X,,0,X,,,0,,,X,,X,,X,,,,,,
White-Breasted Woodswallow,Artamus leucoryn,oceania,White,,"Lay 1 [egg] on each bird in your [grassland], including this one.",,,,3,Bowl,2,32,,X,,2,,,,,,,,,,X,,,X,X,,0,,,,0,,X,,,,,,,X,,,,X
White-Crowned Sparrow ,Zonotrichia leucophrys,originalcore,Brown,Other,"If this bird is to the right of all other birds in its habitat, move it to another habitat.",,,,2,Ground,5,25,X,X,X,1,1,,,,,,,,2,X,,,X,X,X,0,X,,X,0,,,,,,,X,,,,,,
White-Faced Heron,Egretta novaehollandiae,oceania,Brown,Tucking,"Reset the birdfeeder and gain all [fish], if there are any. You may cache any or all of them on this bird.",X,,,6,Platform,4,106,,,X,1,,1,,1,,,,,,X,,,X,,,0,,X,,X,X,,,X,,,,X,,X,,X,
White-Faced Ibis ,Plegadis chihi,originalcore,Brown,Hunting/Fishing,"Roll all dice not in birdfeeder. If any are [fish], gain 1 [fish] and cache it on this card.",X,,,8,Platform,2,91,,,X,2,,1,,,,,,,3,X,,,X,,,0,,X,,X,X,,,X,,,,X,,,,X,
White-Throated Dipper,Cinclus cinclus,european,Brown,Card-drawing,"Discard all remaining face-up [card] and refill the tray. If you do, draw 1 of the new face-up [card].",,,,3,Cavity,4,28,,,X,1,,1,,,,,,,2,X,,,X,X,,0,,,,0,X,,,,X,,X,,,,,X,
White-Throated Swift,Aeronautes saxatalis,swiftstart,Brown,,"Tuck a [card] from your hand behind this bird. If you do, lay 1 [egg] on any bird.",,X,,2,Cavity,2,38,,X,,1,,,,,,,,,1,X,,,X,X,,X,,,,0,,X,,,X,,,,X,,,,
Whooping Crane,Grus americana,originalcore,White,Other,Draw 2 new bonus cards and keep 1.,,,X,6,Ground,1,221,,,X,,,,,,,3,,,3,,,,,,,0,,X,X,0,,,,X,,X,,,,,,X,
Wild Turkey,Meleagris gallopavo,originalcore,,,,,,,8,Ground,5,135,X,X,,,2,,1,,,,,,3,,,,,,X,0,X,X,X,0,,,,X,,,,,,,X,,
Willet,Tringa semipalmata,originalcore,Brown,Hunting/Fishing,"Roll all dice not in birdfeeder. If any are [fish], gain 1 [fish] and cache it on this card.",X,,,4,Ground,2,66,,,X,1,,1,,,,,X,,1,,,,,,,0,,,X,X,X,,,X,,,,,,,,X,
Willie-Wagtail,Rhipidura leucophrys,oceania,Brown,Flocking,Draw 1 face-up [card] from the tray with a [bowl] or [star] nest. You may reset or refill the tray before doing so.,,,,2,Bowl,5,30,X,X,X,1,,,,,,1,,,,X,,,,X,X,0,,,,0,,,,,,X,X,,,,,,X
Wilson's Snipe,Gallinago delicata,originalcore,Brown,Card-drawing,All players draw 1 [card] from the deck.,,,,5,Ground,2,41,,,X,1,,,,,,,,,1,,,X,,,,0,,,X,0,,X,,,,,,,,,,X,
Wilson's Storm Petrel,Oceanites oceanicus,european,Brown,Card-drawing,"Draw 1 [card] for each empty card slot in this row. At the end of your turn, keep 1 and discard the rest.",,,,6,Wild,1,38,,,X,1,,2,,,,,,,3,,,X,,,,0,,X,X,0,X,,,,X,,,X,,,,X,X
Wood Duck,Aix sponsa,originalcore,Brown,Card-drawing,"Draw 2 [card]. If you do, discard 1 [card] from your hand at the end of your turn.",,,,4,Cavity,4,76,X,,X,,2,,1,,,,,,3,,,,,,X,0,X,X,,0,,,,X,X,,,,,,X,,
Wood Stork,Mycteria americana,originalcore,White,Other,Draw 2 new bonus cards and keep 1.,,,X,6,Platform,2,155,,,X,,,1,,1,,1,,,3,,,,,,,0,,X,,0,X,,,X,,X,,X,,X,,X,
Wrybill,Anarhynchus frontalis,oceania,White,,Look through all discarded bonus cards. Keep 1 of them.,,,X,4,Ground,2,49,,,X,1,,1,,,,,,,,X,,,,,,0,,,X,0,X,,,,,,,,,,,X,
Yellow-Bellied Sapsucker ,Sphyrapicus varius,originalcore,Brown,Food from Supply,Gain 1 [invertebrate] from the supply.,,,,3,Cavity,3,41,X,,,1,,,1,,,,,,2,X,,,X,X,,0,,,,0,,,X,,X,,,,,,X,,
Yellow-Billed Cuckoo,Coccyzus americanus,originalcore,Pink,Egg-laying,"When another player takes the ""lay eggs"" action, this bird lays 1 [egg] on another bird with a [bowl] nest.",,,,5,Platform,2,46,X,,,2,,,,,,1,,,3,X,,,X,,,0,,X,,0,,,X,,,X,,X,,,,,
Yellow-Breasted Chat ,Icteria virens,originalcore,Brown,Other,"If this bird is to the right of all other birds in its habitat, move it to another habitat.",,,,5,Bowl,3,25,X,X,X,1,,,2,,,,,,3,X,,,X,,X,0,,X,,0,,,,,,,X,,,,X,,X
Yellow-Headed Blackbird ,Xanthocephalus xanthocephalus,originalcore,Brown,Flocking,"Tuck a [card] from your hand behind this bird. If you do, also lay 1 [egg] on this bird.",,X,,4,Bowl,3,38,,,X,1,1,,,,,,,,2,X,,,X,,,X,X,,,0,,,,,,,,,,,,X,X
Yellow-Rumped Warbler ,Setophaga coronata,originalcore,Brown,Flocking,"Tuck a [card] from your hand behind this bird. If you do, draw 1 [card].",,X,,1,Bowl,4,23,X,,,1,1,,1,,,,X,,1,X,,,X,X,,X,X,,,0,,,X,,,,X,,,,X,,X
Yellowhammer,Emberiza citrinella,european,Teal,Other,"If you used all 4 types of actions this round, play another bird. Pay its normal food and egg cost.",,,,2,Ground,3,26,X,X,,,2,,,,,,,,2,,,,X,X,X,0,X,,X,0,,,,,,,X,,,,,,